fpl_name,rp,teff,sinc,mp,period,TSM
55 Cnc e,1.91,5196.0,2415.735460167629,8.08,0.736539,267.24007675925776
BD+20 594 b,2.5780000000000003,5766.0,14.8466140386626,22.2481,41.6855,5.057330840887482
CoRoT-1 b,16.7,5950.0,2163.059436847295,327.35,1.5089557,81.1879787978506
CoRoT-10 b,10.87,5075.0,33.46574517017997,874.0,13.2406,5.666392418249323
CoRoT-11 b,16.03,6440.0,1494.3589555067413,740.51,2.99433,28.397214597462938
CoRoT-12 b,16.14,5675.0,724.060553509696,291.438,2.828042,29.957501907231418
CoRoT-13 b,9.92,5945.0,438.75245149190744,415.704,4.03519,6.113592115144614
CoRoT-14 b,12.22,6035.0,2416.4467532856015,2415.4,1.51214,1.5844612714022563
CoRoT-16 b,13.11,5650.0,338.88129277460826,170.032,5.35227,25.711587596521408
CoRoT-17 b,11.43,5740.0,1068.2233209982571,772.29,3.7681,3.2476038726961285
CoRoT-18 b,14.68,5440.0,902.1795185349729,1102.82,1.9000693,10.325956228248572
CoRoT-19 b,14.46,6090.0,1259.870703989967,352.78,3.89713,20.60383363868661
CoRoT-2 b,16.432000000000002,5625.0,951.4881908266129,1102.82,1.7429935,60.272362779603455
CoRoT-20 b,9.416,4947.5,124.46452738867357,1366.669,9.24285,0.8783948402252949
CoRoT-21 b,14.572000000000001,6200.0,2918.872378793446,718.2958,2.72474,3.6151158592758152
CoRoT-22 b,4.88,5939.0,170.52145697880766,12.2,9.75598,27.916964677071885
CoRoT-23 b,11.77,5900.0,1208.1274377277712,889.9,3.6313,3.4411065663654625
CoRoT-24 c,5.0,4950.0,41.428760412566994,28.0,11.759,9.369449389716737
CoRoT-25 b,12.11,6040.0,506.3286119518677,85.81,4.86069,48.58947736539486
CoRoT-26 b,14.12,5590.0,1019.7392190086836,165.26,4.20474,16.625934534680407
CoRoT-27 b,11.287,5900.0,586.2936042140761,3302.11,3.57532,1.1364722156829254
CoRoT-28 b,10.705,5150.0,574.5251233381634,153.82972,5.20851,18.886023363730025
CoRoT-29 b,10.088,5260.0,366.7838868780209,270.1555,2.85057,12.736569097559958
CoRoT-3 b,11.32,6740.0,1382.620843267312,6883.91,4.2568,0.6935282891772974
CoRoT-30 b,11.31,5650.0,106.09398339130198,921.707,9.06005,3.06174021795478
CoRoT-31 b,16.365,5700.0,1276.8537689562058,266.9772,4.62941,11.245162393566684
CoRoT-4 b,13.34,6190.0,221.16780000444246,228.83,9.20205,28.0283017786232
CoRoT-5 b,15.558,6100.0,714.4065343607,148.42,4.0378962,79.10333826616301
CoRoT-6 b,13.068,6090.0,176.32015157406673,940.74,8.886593,8.347691999278485
CoRoT-7 b,1.681,5275.0,1761.606745580432,3.1783,0.85359163,42.94726572493022
CoRoT-8 b,6.39,5080.0,88.21001840658332,69.92,6.21229,22.915676800818293
CoRoT-9 b,11.949000000000002,5625.0,5.104655177144684,266.9772,95.272656,12.263181377371362
CoRoTID 223977153 b,6.388999999999999,5970.0,132.26,47.6745,6.71837,30.233554393564727
EPIC 211945201 b,5.76,6069.0,105.43023064854296,27.0,19.49221,55.77619457624317
EPIC 220674823 b,1.82,5617.0,4293.0,7.72,0.571331,16.681890059826763
EPIC 220674823 c,2.73,5617.0,64.0,5.8,13.339079,26.21977658585429
EPIC 246851721 b,11.780999999999999,6202.0,642.0,953.49,6.180235,9.980922359142783
EPIC 249893012 b,1.95,5430.0,1037.0,8.75,3.5951,5.238101018933781
EPIC 249893012 c,3.67,5430.0,160.0,14.67,15.624,12.965576750767736
EPIC 249893012 d,3.94,5430.0,53.0,10.18,35.747,17.54481765494335
GJ 1132 b,1.13,3270.0,19.33377684980784,1.66,1.628931,30.971133104985086
GJ 1214 b,2.847,3026.0,18.293980326363666,6.26125,1.58040456,630.0553186459699
GJ 1252 b,1.193,3458.0,233.31549696250207,2.09,0.5182349,20.133579487090888
GJ 143 b,2.61,4640.0,5.442813445448768,22.7,35.61253,53.61169720608127
GJ 3470 b,4.57,3600.0,36.00237046326799,13.9,3.3366496,310.40213575289005
GJ 357 b,1.217,3505.0,12.6,1.84,3.93072,29.320883886830114
GJ 436 b,4.17,3479.0,32.86125607969404,22.1,2.64388312,495.798003425021
GJ 9827 b,1.577,4340.0,315.0,4.91,1.2089819,83.54539226882837
GJ 9827 d,2.022,4340.0,35.6,4.04,6.2014698,124.10217469897373
HAT-P-1 b,14.785,5980.0,508.1392749754556,166.86075,4.46529976,317.4441063564233
HAT-P-11 b,4.36,4780.0,100.77,26.69772,4.88780244,192.60432348577746
HAT-P-12 b,10.749,4650.0,139.62823972511472,67.059,3.2130598,288.75389906583246
HAT-P-13 b,14.258,5653.0,1223.9526167848019,270.462,2.91625,113.70905132391322
HAT-P-14 b,15.917,6600.0,997.1116320093636,1093.3352,4.62767,30.423347200857005
HAT-P-15 b,11.882,5568.0,107.15451122969354,616.5902,10.8635,22.399616945678137
HAT-P-16 b,14.448,6158.0,1162.92124820752,1332.605,2.77596,29.505261788429255
HAT-P-17 b,11.769,5246.0,60.03290789186147,184.3414,10.33852,163.82800875280236
HAT-P-18 b,11.152999999999999,4803.0,85.82037724573335,62.61,5.508023,263.05101783147666
HAT-P-19 b,12.689,4990.0,172.27941070682766,92.802,4.008778,229.50333540165016
HAT-P-2 b,10.66,6380.0,618.6488671020212,2765.121,5.6335158,9.99591223337617
HAT-P-20 b,9.718,4595.0,146.03464397806306,2302.899,2.875317,13.01083266290242
HAT-P-21 b,12.442,5588.0,438.08860844018403,1547.8321,4.12448,9.880979473409152
HAT-P-22 b,12.89,5302.0,443.6268968108295,785.0401,3.21222,71.45110117802714
HAT-P-23 b,12.218,5905.0,2918.224200299596,425.8922,1.21288,65.83720409423992
HAT-P-24 b,14.572000000000001,6373.0,1187.8484551831702,238.3725,3.35524,88.81103444781218
HAT-P-25 b,12.722000000000001,5519.0,325.0,180.84527,3.65281514,99.66510765425409
HAT-P-26 b,7.062,5079.0,159.71269805493864,22.2481,4.23452,229.57261111799855
HAT-P-27 b,11.43,5300.0,354.398127195823,197.05,3.039577,97.47283402628213
HAT-P-28 b,13.585,5680.0,603.0996178728232,198.953,3.257215,80.57008740072675
HAT-P-29 b,13.115,6087.0,433.0,279.6904,5.72319,51.18505069364799
HAT-P-3 b,10.536,5185.0,298.1475438916759,206.5895,2.8997,102.54673817508791
HAT-P-30 b,16.141,6304.0,1195.253187927889,263.7989,2.8106,226.242517300957
HAT-P-31 b,12.218,6065.0,597.4803328341545,721.4741,5.00542,17.055498835160954
HAT-P-32 b,22.194000000000003,6001.0,1841.0,216.1244,2.1500082,507.40436924670354
HAT-P-33 b,20.737,6446.0,1652.1162743152438,292.4036,3.47447,172.22360030722226
HAT-P-34 b,13.417,6442.0,790.1647397695485,1058.3739,5.452654,21.23279630820109
HAT-P-35 b,14.93,6096.0,1035.5276860364838,335.62847999999997,3.646706,46.496425534910216
HAT-P-36 b,14.314,5620.0,1821.0,587.41341,1.32734683,58.64883730797324
HAT-P-37 b,13.204,5500.0,442.0651512403937,371.528,2.797436,44.85023559677943
HAT-P-38 b,9.247,5330.0,223.47307134470225,84.857,4.640382,86.47270598618539
HAT-P-39 b,17.609,6430.0,1554.3800376246352,190.372,3.54387,114.10213928475059
HAT-P-4 b,14.28,5860.0,2405.8108410679283,213.255,3.056536,111.48187023160494
HAT-P-40 b,17.038,6080.0,1610.5614173035751,152.5584,4.45724,147.63661699353995
HAT-P-41 b,22.978,6390.0,2340.000759625616,378.2177,2.69405,169.5995162660611
HAT-P-42 b,14.347999999999999,5743.0,689.971018081235,331.801,4.641878,40.12867034341972
HAT-P-43 b,14.359000000000002,5645.0,559.7506530095264,210.395,3.332687,67.45031146778308
HAT-P-44 b,13.922,5295.0,247.6145238487951,111.871,4.301219,153.18551179106353
HAT-P-45 b,15.984000000000002,6330.0,1227.577043329503,283.492,3.128992,112.01171266436256
HAT-P-46 b,14.392000000000001,6120.0,743.6037138086916,156.684,4.463129,139.49274569003302
HAT-P-49 b,17.822,6820.0,3375.766325216972,699.226,2.69155,57.31178149589878
HAT-P-5 b,13.562999999999999,5960.0,920.4052609906943,311.4734,2.78849,76.39035972693958
HAT-P-50 b,14.437000000000001,6280.0,1968.008968364797,429.0705,3.1220109,35.558599225560954
HAT-P-51 b,14.493,5449.0,332.2331512873356,98.20947,4.2180278,153.26714859933045
HAT-P-52 b,11.31,5131.0,360.1916228605853,259.98494,2.7535953,35.680137360264325
HAT-P-53 b,14.773,5956.0,1659.675322111257,471.65972,1.9616241,30.636973000595784
HAT-P-54 b,10.581,4390.0,75.17673006097131,241.5508,3.799847,71.03013622094376
HAT-P-55 b,13.249,5808.0,492.3212243786008,184.97706000000002,3.5852467,73.36422356409827
HAT-P-56 b,16.926,6566.0,3515.0,734.1873,2.79083,62.61668827206118
HAT-P-57 b,19.504,6330.0,1959.82716320758,448.1403,2.4653,120.03324757176468
HAT-P-6 b,16.589000000000002,6570.0,1286.4695264900135,419.5356,3.85298,97.50910153122253
HAT-P-65 b,21.185,5835.0,2307.9512220706597,167.49641,2.6054552,152.43832765975424
HAT-P-66 b,17.822,6002.0,2167.1227654488266,248.86088999999998,2.972086,55.97593464324519
HAT-P-67 b,23.371,6406.0,2271.950060533148,108.0622,4.8101025,595.6771230906411
HAT-P-69 b,18.785999999999998,7394.0,2315.4587591385584,1137.8314,4.7869491,46.39841977246139
HAT-P-7 b,16.926,6389.0,4353.408,584.8072,2.20474,65.00796351234636
HAT-P-8 b,15.693,6200.0,1626.2606802844932,406.8224,3.07634,112.6016638897046
HAT-P-9 b,15.614,6350.0,931.0,238.05467000000002,3.92281072,87.80444374111049
HATS-1 b,14.594000000000001,5870.0,581.7956746421179,589.55,3.446459,50.11431877759899
HATS-10 b,10.862,5880.0,643.9274072028408,167.17858,3.312846,43.29184813132519
HATS-11 b,18.03,6563.0,1533.9367880879888,263.7989,3.619188,55.50832593568528
HATS-12 b,7.76,6357.0,1030.5680241566968,759.6137,3.142702,3.6857283484312733
HATS-13 b,13.585,5523.0,402.19441027617444,172.58168999999998,3.0440499,85.57496118366069
HATS-14 b,11.645999999999999,5346.0,434.8539362194065,340.39592999999996,2.7667641,24.61497837640947
HATS-15 b,12.386,5311.0,822.4729073743191,689.6911,1.74748753,12.438753359775944
HATS-16 b,14.572000000000001,5738.0,1067.0723214108211,1039.3041,2.686502,10.45330076697362
HATS-17 b,8.709,5846.0,72.7,425.25654000000003,16.254611,7.432517294425903
HATS-18 b,14.897,5600.0,2990.0,629.14449,0.83784,33.84356985262155
HATS-2 b,13.092,5227.0,1029.667878648609,427.463,1.354133,48.89249933945606
HATS-22 b,10.682,4803.0,89.95201497100659,870.8542,4.7228124,14.166100498198034
HATS-23 b,20.849,5780.0,1250.041155039604,467.2101,2.1605156,76.21589552129792
HATS-24 b,15.637,6125.0,2653.8513849620645,718.2958,1.3484978,45.05298717282602
HATS-25 b,14.123,5715.0,443.5248159862699,194.82979,4.2986432,75.72556880298839
HATS-26 b,19.616,6071.0,2261.0347654998823,206.5895,3.3023881,83.15207570153459
HATS-27 b,16.814,6438.0,1247.3690747233882,168.4499,4.637038,76.36179420283112
HATS-28 b,13.384,5498.0,406.4862673978358,213.58176,3.1810781,59.71905729317241
HATS-29 b,14.022,5670.0,354.70268832131876,207.54299,4.6058749,89.21828885387113
HATS-3 b,15.48,6351.0,1215.867178360537,340.382,3.547851,66.9800166887917
HATS-30 b,13.171,5943.0,664.5831166505607,224.38797999999997,3.1743516,87.64270265492851
HATS-31 b,18.383,6050.0,1846.5819400039973,279.6904,3.37796,55.29858774592524
HATS-32 b,14.0,5700.0,707.3050849793433,292.4036,2.8126548,30.878146422503374
HATS-33 b,13.787,5659.0,690.3590603466093,378.85336,2.5495551,80.60093928557521
HATS-34 b,16.029,5380.0,722.518880442175,299.07802999999996,2.1061607,74.85631254941065
HATS-35 b,16.41,6300.0,2820.401711945654,388.38826,1.8209993,66.95743718333527
HATS-36 b,12.92,5950.0,561.0,1022.14128,4.175186,6.092311335957116
HATS-39 b,17.598,6572.0,1217.4515602609874,200.2329,4.5776348,84.37638254829349
HATS-4 b,11.433,5403.0,504.42451539831893,420.471,2.516729,24.474352887327623
HATS-40 b,17.71,6460.0,3199.539705145564,505.3497,3.2642736,16.86367309593967
HATS-41 b,14.908,6424.0,1316.5471861757724,3082.951,4.193649,3.1462405369532833
HATS-42 b,15.693,6060.0,1952.7135932381677,597.5204,2.292102,19.495523405077993
HATS-43 b,13.227,5099.0,162.42840262060986,82.95363,4.3888497,187.9652759799328
HATS-44 b,11.96,5080.0,324.49521609130494,177.9848,2.7439004,52.19253041614223
HATS-45 b,14.415,6450.0,879.0785770110186,222.481,4.1876244,46.07325025399175
HATS-46 b,10.122,5495.0,204.76772697034363,54.984590000000004,4.7423729,106.40671591272913
HATS-47 b,12.52,4512.0,87.73,117.27927,3.9228038,111.48981258886592
HATS-48 A b,8.967,4546.0,137.6,77.23269,3.1316666,73.34327733183218
HATS-49 b,8.575,4405.0,80.45,112.19398999999999,4.1480467,31.955256150471364
HATS-5 b,10.222999999999999,5304.0,182.48136930123337,75.323,4.763387,127.03023650934345
HATS-50 b,12.665999999999999,5990.0,568.6851442703089,123.9537,3.8297015,60.53051756646869
HATS-51 b,15.805,5758.0,949.1210126470236,244.09344,3.3488702,78.31885168957966
HATS-52 b,15.491,6010.0,2072.63073885092,711.9392,1.36665436,32.03176332220341
HATS-53 b,15.02,5644.0,489.22598261270946,189.10885,3.8537768,71.93221908202939
HATS-54 b,11.96,5702.0,1165.9220900249807,241.5508,2.5441828,22.863256294181006
HATS-55 b,14.022,6214.0,582.1240879123156,292.72143,4.2042001,39.54630227558433
HATS-56 b,18.921,6536.0,2174.093510466897,191.33366,4.324799,126.28407194571194
HATS-57 b,12.767000000000001,5587.0,659.9755939701978,1000.21101,2.350621,22.38452859663187
HATS-58 A b,12.274000000000001,7175.0,1447.579467880161,327.3649,4.2180896,41.71077686428717
HATS-59 b,12.620999999999999,5670.0,269.0,256.17098,5.416081,28.53987555281137
HATS-6 b,11.187000000000001,3724.0,42.90499594825318,101.38776999999999,3.3252725,135.82074364538877
HATS-60 b,12.924000000000001,5688.0,903.9,210.40346,3.560829,44.82160279014033
HATS-61 b,13.395,5542.0,374.2,1080.622,7.817953,4.79135874018807
HATS-63 b,13.529000000000002,5627.0,634.1,305.1168,3.0566527,33.9550694047018
HATS-64 b,18.82,6554.0,1711.0,305.1168,4.908897,40.87223112778035
HATS-65 b,16.825,6277.0,1178.0,260.93843,3.105161,104.58855314506401
HATS-66 b,15.815999999999999,6626.0,2637.0,1694.0339,3.1414391,3.830729005058952
HATS-67 b,18.887,6594.0,3821.0,460.8535,1.6091788,52.69114880601199
HATS-68 b,13.809000000000001,6147.0,1521.0,410.0007,3.5862202,23.619745468591184
HATS-7 b,6.311,4985.0,225.71161680120633,38.1396,3.185315,61.71210386439071
HATS-70 b,15.513,7930.0,9110.0,4100.007,1.8882378,3.046855734261779
HATS-72 b,8.097000000000001,4656.1,49.58,39.85588,7.3279474,179.56591659429472
HATS-8 b,9.785,5679.0,507.7721414614933,43.86054,3.583893,65.64569384895209
HATS-9 b,13.85,5599.0,2210.6599442787915,266.02371,1.915291,37.83935882887205
HD 106315 b,2.44,6327.0,240.0,12.6,9.55237,23.641838398226394
HD 106315 c,4.35,6327.0,83.0,15.2,21.05704,77.87625526219799
HD 1397 b,11.5,5521.0,356.0,131.89945,11.53533,153.32292503167483
HD 149026 b,8.295,6179.0,1314.0990615233993,120.7754,2.87589,172.8713379489528
HD 15337 b,1.64,5125.0,160.32786423136815,7.51,4.75615,30.609283723323355
HD 15337 c,2.39,5125.0,28.931622056161576,8.11,17.1784,57.177524994139766
HD 158259 b,1.29,5928.0,1425.3325586586166,2.22,2.178,18.976395953136873
HD 17156 b,12.33,6040.0,101.4305767369543,1115.5833,21.21663,27.283467113458393
HD 189733 b,12.665999999999999,5052.0,356.0,359.1479,2.21857567,848.572390670516
HD 209458 b,15.581,6091.0,741.5601927677437,232.0159,3.52474859,925.005723144649
HD 213885 b,1.745,5978.0,3423.9286194921733,8.83,1.008035,58.126959432253834
HD 219134 b,1.6019999999999999,4699.0,176.2,4.74,3.092926,292.0180441092127
HD 219134 c,1.511,4699.0,62.1,4.36,6.76458,205.21871411488715
HD 219666 b,4.71,5527.0,223.1038623548107,16.6,6.03607,142.7711513645683
HD 221416 b,9.17,5080.0,342.9213364899368,60.5,14.2767,98.73931367550527
HD 23472 b,4.42,4826.33,17.834524818152232,17.92,17.667,159.1226393707608
HD 23472 c,4.31,4826.33,8.952290005861336,17.18,29.625,129.53286522975597
HD 2685 b,16.141,6801.0,1451.7533589178802,371.8611,4.12688,157.85853999888778
HD 3167 b,1.7,5528.0,1625.0,5.02,0.959624,91.73142906211068
HD 3167 c,2.86,5528.0,16.6,9.8,29.83832,72.28177438890476
HD 332231 b,9.718,6089.0,98.09,77.55051999999999,18.71204,229.22314382634812
HD 80606 b,11.994000000000002,5561.0,4.117001872115493,1392.0954,111.4367,15.067292814779057
HD 80653 b,1.6130000000000002,5838.0,5625.492666489043,5.6,0.719573,33.253837102070854
HD 89345 b,7.398,5576.0,233.48385835654452,34.9613,11.8143,114.071468269197
HD 95338 b,3.89,5212.0,7.42,42.44,55.087,40.52440294088015
HD 97658 b,2.354,5175.0,49.48884798862418,9.5349,9.4909,133.65119308950756
HIP 116454 b,2.4659999999999997,5089.0,49.19477096832768,12.7132,9.1205,40.22956076946198
HIP 65 A b,22.754,4590.0,661.0,1021.1877900000001,0.9809734,591.9908659979386
K2-10 b,3.84,5620.0,54.1,27.0,19.3044,12.43915161250866
K2-105 b,3.37,5464.0,104.13447876669628,30.0,8.267704,13.678231039892323
K2-107 b,15.98,6061.0,1760.0090418667608,266.9772,3.313959,47.10979687674915
K2-108 b,5.33,5599.0,762.0,59.4,4.733999,8.926157488753084
K2-110 b,2.56,4950.0,25.790298606095956,16.7,13.86387,14.482949970415724
K2-111 b,1.9,5730.0,444.54352393918606,8.6,5.35117,9.454463971200653
K2-113 b,12.14,5660.0,344.2116947536962,410.0007,5.817685,13.288256506408183
K2-114 b,10.67,5044.0,45.12197550641614,587.9855,11.391013,6.5886828331523
K2-115 b,12.06,5657.0,34.781927721074354,266.9772,20.272615,25.001975365930402
K2-131 b,1.7,5245.0,4228.009025914707,6.3,0.36931,30.18032240176074
K2-132 b,14.572000000000001,4840.0,942.4934693465034,155.7367,9.1751,22.17420988285933
K2-139 b,9.11,5370.0,17.90845843416296,123.00021000000001,28.380619,48.21497992058789
K2-140 b,12.25,5705.0,188.5,323.86877000000004,6.56918,36.158182448293964
K2-141 b,1.51,4599.0,3319.125844761676,5.08,0.2803244,59.485544934330655
K2-146 b,2.05,3385.0,20.7,5.77,2.6446,36.85322609379007
K2-146 c,2.19,3385.0,11.02872139615411,7.49,4.00498,30.14117295316982
K2-18 b,2.37,3457.0,1.005,8.92,32.939623,35.203684441618705
K2-19 b,7.74,5430.0,125.9,28.5,7.9194,106.90233344405458
K2-19 c,4.86,5430.0,73.1,15.9,11.90715,41.40781661694186
K2-216 b,1.75,4503.0,248.0,8.0,2.1748,14.649142808690057
K2-229 b,1.14,5315.0,2621.31114055714,2.49,0.58426,4.507958755994165
K2-232 b,11.209000000000001,6154.0,161.28584290619614,126.49633999999999,11.168454,168.8259634630032
K2-237 b,18.405,6099.0,1901.8293439050033,392.83788,2.1805577,139.5283073084638
K2-238 b,14.572000000000001,5630.0,1121.569689084246,273.3338,3.20466,26.69070047257369
K2-24 b,5.4,5625.0,60.1,19.0,20.88977,62.813978347480855
K2-24 c,7.5,5625.0,23.4,15.4,42.3391,164.06742805600268
K2-260 b,17.396,6367.0,2436.1399142033724,451.3186,2.6266657,48.239257892085966
K2-261 b,9.527999999999999,5537.0,213.43501852641148,70.87609,11.63344,74.48820876141163
K2-263 b,2.41,5368.0,8.130880385983005,14.8,50.818947,7.024123913739479
K2-265 b,1.71,5477.0,677.7062090613952,6.54,2.369172,16.174281899469307
K2-266 b,3.3,4285.0,879.5,11.26782,0.658524,150.56384316155246
K2-266 c,0.705,4285.0,32.4,0.29013,7.814,3.710534868990898
K2-266 d,2.93,4285.0,13.95,8.9,14.697,47.38918773842684
K2-266 e,2.73,4285.0,9.581,14.3,19.482,21.37850219032003
K2-27 b,4.48,5248.0,116.0,30.9,6.771315,22.889787407032895
K2-285 b,2.59,4975.0,234.31,9.68,3.471745,30.201028115508862
K2-285 c,3.53,4975.0,50.35,15.68,7.138048,37.71129039746712
K2-287 b,9.494,5695.0,74.0667601401602,100.11645,14.893291,81.41679979394979
K2-29 b,13.339,5358.0,293.0,232.0159,3.2588321,139.39056957176905
K2-290 c,11.276,6302.0,42.57730153795269,246.00042000000002,48.36685,23.243605589119873
K2-291 b,1.589,5520.0,633.0,6.49,2.225177,23.763364470334178
K2-292 b,2.63,5725.0,67.0,24.5,16.9841,11.325664489544565
K2-295 b,10.054,4444.0,85.48202051980377,106.47305,4.024867,82.56254433438012
K2-3 b,1.98,3896.0,5.8,6.48,10.054626,31.853067122832925
K2-3 c,1.56,3896.0,1.77,2.14,24.646582,34.9859593601498
K2-30 b,11.645999999999999,5425.0,299.0,184.02357,4.098503,71.89915889472091
K2-31 b,11.882,5280.0,1272.0,563.83042,1.25785,116.43867029044686
K2-32 b,4.96,5415.0,77.7,16.5,8.991828,84.40661288967537
K2-32 d,3.27,5415.0,14.5,10.3,31.7142,28.33119937940746
K2-34 b,13.96,6071.0,1392.2639243540139,539.67534,2.995633,37.30461782262059
K2-36 b,1.43,4916.0,529.0,3.9,1.422614,3.596779235237638
K2-36 c,3.2,4916.0,90.0,7.8,5.340888,87.35206585731756
K2-38 b,1.906,5757.0,465.9,19.0698,4.01593,3.208517424881231
K2-38 c,2.42,5757.0,128.3,9.9,10.56103,9.16472365638781
K2-39 b,6.277,4881.0,1356.0,28.6047,4.60543,32.12531039935765
K2-60 b,7.656000000000001,5500.0,1212.0,135.39558,3.00265,22.184093028563986
K2-66 b,2.49,5887.0,840.0,21.3,5.06963,3.1741892412521864
K2-97 b,10.61,4717.0,1200.5886123851167,152.5584,8.406726,5.367561644127684
K2-98 b,5.2,6172.0,338.27775323617135,32.2,10.136448,14.504632159181057
K2-99 b,11.73,6217.0,363.72133971428536,308.2951,18.251985,10.472288991902861
KELT-1 b,12.442,6518.0,5761.747910915919,8654.15,1.217514,3.373747144569146
KELT-10 b,15.681,5948.0,600.0,215.80657000000002,4.1662739,222.6287932624791
KELT-11 b,15.132,5375.0,1433.0,54.34893,4.7361,819.5628669402937
KELT-12 b,19.952,6279.0,1749.0,301.9385,5.031623,114.87040583097573
KELT-14 b,19.537,5720.0,2454.983308558504,408.09372,1.7100566,194.83733634799
KELT-15 b,19.504,6003.0,1197.6024159876538,416.3573,3.32944,96.44429621143827
KELT-16 b,15.860999999999999,6236.0,6018.508952059122,874.0325,0.9689951,45.42469608528403
KELT-17 b,17.094,7454.0,3159.3811056449604,416.3573,3.0801716,188.6388050790337
KELT-18 b,17.598,6670.0,3152.0,375.0394,2.8717518,122.78185507244734
KELT-2 A b,15.132,6327.0,1590.8955751737356,540.311,4.11379,101.90007291521268
KELT-23 A b,14.83,5899.0,991.183,298.12453999999997,2.255251,283.80461115839245
KELT-24 b,14.258,6509.0,750.9,1646.3594,5.5514926,42.81930011766703
KELT-3 b,17.486,6304.0,1812.9508568144902,616.5902,2.70339,101.1129951755956
KELT-4 A b,19.044,6206.0,1829.3176011978271,286.68266,2.9895932,310.05512307636803
KELT-6 b,14.572000000000001,6102.0,493.5739333756977,165.2716,7.8457,130.26825918012275
KELT-7 b,17.934,6768.0,2888.69297086795,441.7837,2.73477,265.1389366891954
KELT-8 b,18.159000000000002,5754.0,1311.8443664889642,209.7678,3.24406,312.4174873844236
KELT-9 b,21.195999999999998,10170.0,44900.0,915.3504,1.4811235,280.4346795888841
KOI-12 b,13.787,6466.33,196.507,349.613,17.855182,33.539186340561265
KOI-1257 b,10.54,5520.0,7.292665593450612,460.83,86.647661,2.3756326329633697
KOI-13 b,16.948,7650.0,25339.901,2949.4624,1.763588,21.082941636285
KOI-142 b,3.438,5466.0,68.563,9.5,10.91647,22.92874713003081
KOI-1599.01,1.9,5370.0,32.366507389294,4.6,20.4415,2.49223891277765
KOI-1599.02,1.9,5370.0,55.67835694590916,9.0,13.6088,1.4588231217549659
KOI-1783.01,8.86,5922.0,5.7,71.0,134.4628,9.499867069508243
KOI-1783.02,5.44,5922.0,2.49,15.0,284.215,8.110205710128659
KOI-3680 b,11.097000000000001,5830.0,3.3686637470516003,613.4119,141.241671,2.2081065018013817
KOI-94 b,1.71,6182.0,1053.181,10.5,3.743208,2.406323258060013
KOI-94 c,4.32,6182.0,268.219,15.6,10.423648,16.941438426345517
KOI-94 d,11.27,6182.0,97.12,106.0,22.342989,34.33331021828861
KOI-94 e,6.56,6182.0,29.7,35.0,54.32031,15.25057713286663
KPS-1 b,11.545,5165.0,729.0,346.4347,1.706291,46.68967923323552
Kepler-10 b,1.4809999999999999,5708.0,3741.78,4.60853,0.837491,2.7381148686360275
Kepler-10 c,2.323,5708.0,18.3,7.37,45.2946,11.586632506219743
Kepler-100 b,1.32,5825.0,478.214,7.34,6.88705,0.32851200503067046
Kepler-101 b,5.77,5667.0,1240.332,51.1,3.4876812,9.205157255377662
Kepler-102 d,1.18,4909.0,37.043,3.8,10.3117,1.0056221516664121
Kepler-102 e,2.22,4909.0,20.385,8.93,16.1457,16.273761426795318
Kepler-103 b,3.37,5845.0,150.536,9.7,15.9654,13.305814119874192
Kepler-103 c,5.14,5845.0,5.97,36.1,179.612,5.086374437256586
Kepler-104 b,3.1,5711.0,119.907,19.6,11.427548,5.280191349444396
Kepler-105 b,4.81,5827.0,341.809,5.1,5.4122,149.48243765738366
Kepler-105 c,1.31,5827.0,161.0,4.6,7.1262,0.5046716137105458
Kepler-106 c,2.5,5858.0,96.905,10.44,13.5708,6.7162167248671345
Kepler-106 e,2.56,5858.0,20.294,11.17,43.8445,4.559340284589319
Kepler-107 b,1.536,5854.0,1175.382,3.51,3.1800218,5.194709090748236
Kepler-107 c,1.597,5854.0,659.649,9.39,4.901452,1.889349508223513
Kepler-107 e,2.903,5854.0,151.942,8.6,14.749143,8.718957326248196
Kepler-11 b,1.8,5663.0,146.36,1.9,10.3039,9.898747061212442
Kepler-11 c,2.87,5663.0,107.224,2.9,13.0241,24.69949462112943
Kepler-11 d,3.12,5663.0,51.115,7.3,22.6845,10.477414700306467
Kepler-11 e,4.19,5663.0,32.34,8.0,31.9996,18.550176735580756
Kepler-11 f,2.49,5663.0,19.53,2.0,46.6888,15.04344604641701
Kepler-113 b,1.82,4725.0,105.333,11.7,4.754,4.828743932410869
Kepler-114 b,1.26,4605.0,92.535,6.8,5.188549,0.3823083176318999
Kepler-114 c,1.6,4605.0,51.623,2.8,8.041,10.89453014884625
Kepler-114 d,2.53,4605.0,31.016,3.9,11.776,27.23167153148783
Kepler-117 b,8.059,6150.0,157.541,29.875,18.7959228,16.668857161922933
Kepler-117 c,12.341,6150.0,41.863,584.78,50.790391,2.1954464566707848
Kepler-12 b,19.660999999999998,5947.0,877.539,137.30256,4.4379629,141.84681944457157
Kepler-120 b,2.15,4096.0,42.692,8.5,6.312501,7.67057041510755
Kepler-122 e,2.6,6050.0,36.299,27.7,37.993273,0.8426696278115656
Kepler-122 f,1.75,6050.0,21.524,36.0,56.268,0.17345112510490177
Kepler-123 b,2.94,6089.0,138.807,55.3,17.232366,0.8397875526391099
Kepler-128 b,1.43,6136.0,227.398,0.77,15.09,2.5093069139043016
Kepler-128 c,1.34,6136.0,130.979,0.9,22.804,1.5393392771673444
Kepler-131 b,2.41,5685.0,66.122,16.13,16.092,6.674145268700319
Kepler-131 c,0.84,5685.0,35.736,8.25,25.5169,0.07145071259145362
Kepler-136 b,2.05,6165.0,257.984,19.8,11.5789,2.195919714966941
Kepler-138 b,0.522,3841.0,6.81,0.066,10.3126,8.313813405702982
Kepler-138 c,1.197,3841.0,4.63,1.97,13.7813,3.049122831795605
Kepler-138 d,1.212,3841.0,2.32,0.64,23.0881,8.203274503128867
Kepler-14 b,12.732999999999999,6395.0,973.0178036595084,2669.66,6.790123,1.8927455905985933
Kepler-145 b,2.65,6022.0,154.705,37.1,22.951,1.0441881931229957
Kepler-145 c,4.32,6022.0,67.193,79.4,42.882,1.5663252875370122
Kepler-15 b,10.76,5515.0,430.677,209.76,4.942782,23.524366947255345
Kepler-16 b,8.449,4450.0,0.3552704638703196,105.833,228.776,36.32799185142816
Kepler-161 b,2.12,5078.0,123.4,12.1,4.921355,4.015599335801624
Kepler-161 c,2.05,5078.0,76.201,11.8,7.06424,3.300508228953557
Kepler-1647 b,11.874,6210.0,0.8532278601545039,483.0,1107.5923,1.1151613366419062
Kepler-1655 b,2.213,6148.0,155.0,5.0,11.8728787,23.435182739060615
Kepler-1656 b,5.02,5731.0,30.03974896458123,48.6,31.578659,15.795998809641917
Kepler-1658 b,11.994000000000002,6216.0,3779.8981864558345,1868.8404,3.84937278,2.231144844131272
Kepler-1661 b,3.87,5100.0,0.88,17.0,175.06,6.063247499702412
Kepler-17 b,14.68,5781.0,1481.766,778.65,1.4857108,18.64956627262115
Kepler-170 b,3.2,5679.0,136.522,82.6,7.930592,1.1157277547018747
Kepler-176 c,2.6,5232.0,39.631,23.0,12.759712,2.175616781121261
Kepler-176 d,2.51,5232.0,15.536,15.2,25.751974,2.3437496354938663
Kepler-177 b,3.5,5732.0,30.4,5.84,35.8601,6.368666269069589
Kepler-177 c,8.73,5732.0,25.4,14.7,49.40926,31.700894851607476
Kepler-18 b,2.0,5345.0,355.735,6.9,3.504725,5.556463927503803
Kepler-18 c,5.49,5345.0,126.081,17.3,7.64159,32.263580816578774
Kepler-18 d,6.98,5345.0,51.922,16.4,14.85888,56.03980410027159
Kepler-183 c,2.27,5888.0,108.717,35.7,11.637071,0.7066917891631832
Kepler-184 c,1.97,5788.0,29.875,8.8,20.303005,2.378252086681779
Kepler-189 c,2.38,5235.0,18.811,22.7,20.134866,1.6406206533465277
Kepler-19 b,2.209,5544.0,93.537,8.4,9.28716,13.371355055869593
Kepler-197 c,1.23,6004.0,189.965,5.3,10.349695,0.36673108511265934
Kepler-20 b,1.868,5495.0,324.114,9.7,3.69611525,6.247768450288716
Kepler-20 c,3.0469999999999997,5495.0,77.023,12.75,10.85409089,14.6340094208555
Kepler-20 d,2.7439999999999998,5495.0,5.591,10.07,77.61130017,6.914525937519479
Kepler-203 c,2.47,5821.0,329.788,749.9,5.370647,0.0664812843148025
Kepler-203 d,1.44,5821.0,121.816,33.9,11.32972,0.03426245979217999
Kepler-21 b,1.639,6305.0,3021.187,5.08,2.78578,21.786293327259685
Kepler-211 c,1.29,5123.0,95.436,18.3,6.04045,0.12193137116904992
Kepler-215 d,2.39,5739.0,21.404,23.6,30.864423,1.4594717420100558
Kepler-219 d,2.81,5786.0,20.01,19.1,47.903645,1.2758486495146837
Kepler-221 c,2.93,5243.0,119.836,15.1,5.690586,9.79098783926382
Kepler-223 b,2.99,5234.28,444.053,7.4,7.38449,2.826723593358351
Kepler-223 c,3.44,5234.28,302.474,5.1,9.84564,5.674995241625871
Kepler-223 d,5.24,5234.28,175.951,8.0,14.78869,10.031291334981715
Kepler-223 e,4.6,5234.28,119.882,4.8,19.72567,10.2750641356424
Kepler-226 b,1.55,5571.0,270.402,24.0,3.940997,0.5092401387032351
Kepler-226 c,2.27,5571.0,180.513,45.2,5.349555,0.7670801199657213
Kepler-23 d,2.2,5828.0,161.038,17.6,15.274299,1.0650396915304292
Kepler-231 b,1.73,3767.0,14.879,35.4,10.065275,0.7353492098360952
Kepler-231 c,1.93,3767.0,6.267,24.1,19.271566,1.2077665943916207
Kepler-238 e,5.6,5751.0,98.461,169.7,23.654,0.7919613181563251
Kepler-238 f,2.0,5751.0,35.869,13.5,50.447,0.3860175680923959
Kepler-240 c,2.2,4985.0,59.838,102.3,7.953528,0.2780664459719175
Kepler-244 d,2.31,5554.0,31.267,15.2,20.050401,1.4316193173888658
Kepler-245 c,2.18,5100.0,25.152,225.6,17.460812,0.08421743175802043
Kepler-245 d,3.03,5100.0,9.492,21.6,36.277108,1.8803084287037037
Kepler-25 b,2.748,6270.0,542.96,8.7,6.238297,25.481167346672745
Kepler-25 c,5.2170000000000005,6270.0,210.172,15.2,12.7207,71.8267612297721
Kepler-254 c,2.15,5957.0,67.225,3.2,12.412183,4.699034834007142
Kepler-26 b,2.78,3914.0,7.6,5.12,12.28,19.89048131539433
Kepler-26 c,2.72,3914.0,4.82,6.2,17.2559,13.52103844232839
Kepler-267 b,1.98,4258.0,45.843,37.9,3.353728,1.4322329475901285
Kepler-272 b,1.43,5297.0,801.741,78.0,2.971353,0.023664447878110256
Kepler-272 c,1.79,5297.0,310.76,97.8,6.057342,0.19360241354136207
Kepler-276 c,2.9,6105.0,19.793,16.6,31.884,1.6449159834173654
Kepler-276 d,2.8,6105.0,11.274,16.3,48.648,1.3097253735196273
Kepler-277 b,2.92,5946.0,198.245,87.3,17.324,0.4607161148156873
Kepler-277 c,3.36,5946.0,83.898,64.2,33.006,0.7699579186784306
Kepler-279 c,4.3,6363.0,60.157,49.4,35.736,1.47283018168031
Kepler-279 d,3.1,6363.0,35.739,37.5,54.414,0.7033507630138282
Kepler-282 d,2.46,5602.0,52.348,61.0,24.806,0.3706549418063983
Kepler-282 e,3.1,5602.0,24.114,56.2,44.347,0.673876011593691
Kepler-289 b,2.15,5990.0,27.371,7.3,34.545,2.874713818607115
Kepler-289 c,11.59,5990.0,4.882,132.0,125.8518,14.772285439255553
Kepler-289 d,2.68,5990.0,10.728753003189677,4.0,66.0634,8.18630484441391
Kepler-29 b,2.55,5378.0,55.9,5.0,10.33974,8.90271640901801
Kepler-29 c,2.34,5378.0,34.4,4.5,13.28613,7.030897518951949
Kepler-297 b,2.87,5619.0,16.464,48.5,38.871826,0.9630429140252625
Kepler-297 c,6.54,5619.0,6.86,42.1,74.920137,9.477479085844843
Kepler-30 b,3.9,5498.0,16.379,11.3,29.33434,7.087892514435968
Kepler-30 c,12.3,5498.0,6.217,640.0,60.323105,2.7736768022741005
Kepler-30 d,8.8,5498.0,1.962,23.1,143.34394,21.0890968184848
Kepler-305 b,3.6,5100.0,112.914,10.5,5.487,11.715117767798608
Kepler-305 c,3.3,5100.0,65.1,6.0,8.291,13.761371097558948
Kepler-305 d,2.71,5100.0,25.523,9.1,16.738661,3.9137546209805643
Kepler-307 b,2.43,5367.0,59.7,7.44,10.4208,7.778878700694498
Kepler-307 c,2.2,5367.0,44.0,3.64,13.0729,10.939920018361908
Kepler-310 d,2.47,5797.0,3.664,7.0,92.876125,3.604719563827706
Kepler-317 b,2.09,5497.0,151.652,109.8,5.524242,0.1856728139073638
Kepler-323 b,1.43,5987.0,1774.329,684.4,1.678327,0.00497979850675694
Kepler-323 c,1.63,5987.0,650.014,79.7,3.553822,0.3270609784620825
Kepler-326 b,1.52,5105.0,783.449,44.6,2.248329,0.6854480241342571
Kepler-326 c,1.4,5105.0,303.62,17.4,4.580358,0.16329893455334074
Kepler-326 d,1.21,5105.0,180.644,6.9,6.766888,0.23343124753854513
Kepler-327 c,1.03,3799.0,28.272,20.3,5.212333,0.06829542907722778
Kepler-328 b,2.3,5914.0,57.079,28.5,34.921,0.42276588004456794
Kepler-328 c,5.4,5914.0,22.025,39.4,71.312,2.8471804054173386
Kepler-33 c,3.2,5904.0,241.759,0.39,13.17562,96.40872665612844
Kepler-33 d,5.35,5904.0,123.691,3.91,21.77596,34.14821930319072
Kepler-33 e,4.02,5904.0,74.72,5.57,31.7844,8.965218282326836
Kepler-33 f,4.46,5904.0,53.183,9.6,41.02902,6.523973751880718
Kepler-333 b,1.32,4259.0,16.819,28.2,12.551158,0.0728347479228932
Kepler-338 b,2.44,5923.0,256.606,30.6,13.726976,1.2999252504474192
Kepler-338 e,1.56,5923.0,428.524,8.5,9.341,1.3904403554995672
Kepler-339 c,1.15,5631.0,101.841,7.3,6.988055,0.12550064761676072
Kepler-339 d,1.17,5631.0,58.651,14.7,10.558345,0.05719644613678166
Kepler-34 b,8.564,5913.0,1.9539792907176243,69.92,288.822,4.8070215893183565
Kepler-345 b,0.74,4504.0,31.903286678380045,0.5,7.415563,0.9157773518932946
Kepler-345 c,1.2,4504.0,23.29693749572047,2.2,9.387427,0.8204491194978795
Kepler-349 b,1.9,5956.0,248.274,94.5,5.929778,0.21783002676803406
Kepler-35 b,8.16,5606.0,3.9693233652986484,40.363,131.458,7.476962712112453
Kepler-350 c,3.1,6186.0,138.415,6.1,17.849,7.487082464357265
Kepler-350 d,2.8,6186.0,83.237,14.9,26.136,1.9890091685210425
Kepler-351 b,3.06,5643.0,11.983,4.8,37.054919,6.861024475263166
Kepler-351 c,3.19,5643.0,6.712,11.1,57.24809,2.90765774884112
Kepler-359 c,4.3,6248.0,17.438348679160164,2.9,57.68802,17.05941828619701
Kepler-359 d,4.01,6248.0,11.846209099419465,2.7,77.095691,13.491017700255144
Kepler-36 b,1.4980000000000002,5979.0,247.0,3.83,13.86825,0.40756268076775604
Kepler-36 c,3.679,5979.0,191.0,7.13,16.21865,20.737175339708784
Kepler-363 c,1.69,5593.0,376.29,66.4,7.542427,0.18428752240209323
Kepler-37 b,0.336,5417.0,43.306,3.1783,13.36731,0.05543668888416553
Kepler-385 b,2.73,6326.0,143.919,12.8,10.043686,2.438726405537312
Kepler-385 c,3.04,6326.0,83.155,13.2,15.163161,2.8916061970733318
Kepler-39 b,13.9,6350.0,90.22,6388.1,21.08721,0.49928819961800114
Kepler-396 b,3.5,5384.0,13.731,75.5,42.994,2.2438780882598603
Kepler-396 c,5.3,5384.0,5.244,17.9,88.505,23.210502344773275
Kepler-4 b,4.002,5857.0,1245.431,24.472,3.21346,13.071986796649577
Kepler-40 b,13.11,6510.0,1187.965,699.2,6.87349,2.586130558021057
Kepler-406 b,1.43,5538.0,826.933,6.35,2.42629,0.5989963301707336
Kepler-406 c,0.85,5538.0,349.769,2.71,4.62332,0.237760759249359
Kepler-41 b,14.46,5750.0,2036.749,177.98,1.8555582,46.77107839481747
Kepler-411 b,2.401,4832.69,217.41372024706718,25.6,3.005156,8.067458823712583
Kepler-411 c,4.421,4832.69,60.59443409717362,26.4,7.834435,32.387065698635226
Kepler-411 d,3.319,4832.69,4.197614168197999,15.2,58.02035,13.590853427708815
Kepler-412 b,15.030999999999999,5750.0,2144.307,299.07802999999996,1.7208604,33.04337987562553
Kepler-413 b,4.3469999999999995,4700.0,2.9609043053706334,67.0,66.262,1.3501888309164471
Kepler-414 b,1.71,5381.0,241.171,3.5,4.7,8.393463703294152
Kepler-414 c,3.01,5381.0,137.086,29.9,7.171,4.728550497460732
Kepler-415 b,1.21,4375.0,69.834,119.9,4.176,0.00834135137116736
Kepler-416 b,2.48,5428.0,224.089,58.2,6.319,0.8036267996841626
Kepler-417 b,2.31,4970.75,43.624,11.0,12.331,1.9038764537430595
Kepler-419 b,10.8,6430.0,37.416,794.5,69.7546,1.5476496099080432
Kepler-422 b,12.89,5972.0,264.983,136.66,7.8914483,44.52504049656832
Kepler-423 b,13.360999999999999,5560.0,649.148,189.101,2.6843285,52.21544735415898
Kepler-424 b,9.98,5460.0,470.754,327.35,3.3118644,12.672743880432868
Kepler-425 b,10.962,5170.0,229.036,79.45,3.79701816,58.383738811263164
Kepler-426 b,12.22,5725.0,410.723,108.06,3.21751883,56.30713126446495
Kepler-427 b,13.79,5800.0,208.721,92.17,10.290994,45.016096462789335
Kepler-428 b,12.11,5150.0,195.088,403.63,3.52563254,14.892145729602815
Kepler-43 b,13.664000000000001,6041.0,1138.115,1026.5909,3.0240949,6.2256772631148625
Kepler-432 b,12.834000000000001,4995.0,97.846,1719.4603,52.501129,0.5536348915489249
Kepler-433 b,16.25,6360.0,1682.66,896.24,5.33408384,4.370720847353921
Kepler-434 b,12.67,5977.0,158.285,908.96,12.8747099,2.8275389881710957
Kepler-435 b,22.31,6161.0,677.917,266.97,8.6001536,24.302035346922988
Kepler-44 b,12.22,5800.0,1109.223,317.82,3.2467293,11.976859808844791
Kepler-444 d,0.53,5046.0,109.638,0.2,6.189392,7.681724447569064
Kepler-444 e,0.546,5046.0,81.344,0.1,7.743493,15.588682049039067
Kepler-447 b,18.49,5493.0,119.039,435.41,7.79430132,84.82955375183317
Kepler-45 b,10.76,3820.0,68.37,160.497,2.455239,41.48752799487855
Kepler-454 b,2.354,5701.0,116.266,6.3566,10.57,18.754596887032346
Kepler-46 c,13.5,5309.0,5.596381901843498,119.499,57.011,28.066818970994568
Kepler-47 b,3.05,5636.0,11.82066807295179,2.07,49.4643,16.480849974215634
Kepler-47 c,4.65,5636.0,1.0535957742794773,3.17,303.227,18.7217266517801
Kepler-47 d,7.04,5636.0,2.001905004787312,19.02,187.366,12.712943874939569
Kepler-48 b,1.88,5194.0,173.12,3.94,4.778,12.54794867548261
Kepler-48 c,2.71,5194.0,67.593,14.61,9.67395,8.011868884381904
Kepler-48 d,2.04,5194.0,9.292,7.93,42.8961,3.8325588717592844
Kepler-5 b,15.984000000000002,6297.0,1822.758,670.93913,3.5484657,14.899169741391972
Kepler-51 b,7.1,6018.0,10.119,2.1,45.154,241.31266527532685
Kepler-51 c,9.0,6018.0,4.331,4.0,85.312,208.73115218531296
Kepler-51 d,9.7,6018.0,2.466,7.6,130.194,119.46143528418467
Kepler-538 b,2.215,5547.0,2.99,10.6,81.73778,7.0647418823856265
Kepler-539 b,8.373,5820.0,3.681,308.2951,125.63243,5.176668479236289
Kepler-549 b,2.57,5360.0,9.549,11.0,42.9495649,2.973218388124985
Kepler-56 b,6.51,4840.0,819.245,22.1,10.5016,8.253527793093204
Kepler-56 c,9.8,4840.0,317.206,181.0,21.40239,2.711562658198181
Kepler-6 b,14.617,5647.0,792.218,212.31044,3.2346996,52.36306096197825
Kepler-60 b,,5905.0,319.09984731451067,3.85,7.1334,
Kepler-60 c,,5905.0,236.91176341103545,4.16,8.9187,
Kepler-643 b,10.16,4908.0,211.711,321.0083,16.33889626,2.260629000700066
Kepler-65 b,1.42,6211.0,2316.095,2.4,2.15491,2.0970846404206194
Kepler-65 c,2.58,6211.0,609.992,5.4,5.859944,26.55969155221437
Kepler-65 d,1.52,6211.0,394.549,4.14,8.13123,6.3513663691579145
Kepler-68 b,2.354,5793.0,439.917,7.65,5.3988,28.028522291038158
Kepler-68 c,1.0,5793.0,204.476,2.04,9.6051,1.0027521439291756
Kepler-7 b,18.180999999999997,5933.0,1375.11,140.16303,4.8854892,87.77494978421986
Kepler-74 b,10.76,6000.0,337.682,200.22,7.340711,13.632079956790976
Kepler-75 b,11.77,5200.0,106.484,3209.9,8.8849116,1.130923456152592
Kepler-76 b,15.244000000000002,6409.0,3583.673,638.8383,1.5449298,26.493360765165708
Kepler-77 b,10.761,5520.0,432.871,136.661,3.57878087,37.49749108389549
Kepler-78 b,1.121,5089.0,3949.619174827902,3.1783,0.35500744,3.0375783942557546
Kepler-79 b,3.47,6174.0,205.404,10.9,13.4845,7.537337942940945
Kepler-79 c,3.72,6174.0,79.765,5.9,27.4029,13.544998974643116
Kepler-79 d,7.16,6174.0,33.874,6.0,52.0902,68.87971730955488
Kepler-79 e,3.49,6174.0,18.78,4.1,81.0659,11.21193828049566
Kepler-8 b,15.872,6213.0,1444.881,187.5197,3.5224991,56.12509450814876
Kepler-80 b,2.67,4540.0,54.382,6.93,7.05246,13.615491150907806
Kepler-80 c,2.74,4540.0,36.482,6.74,9.52355,13.687952091191265
Kepler-80 d,1.53,4540.0,164.625,6.75,3.07222,3.469759622925469
Kepler-80 e,1.6,4540.0,94.781,4.13,4.64489,5.650641114394285
Kepler-81 b,2.42,4500.0,39.95,17.2,5.955,4.847944914706059
Kepler-81 c,2.37,4500.0,15.62,4.3,12.04,14.404616515942667
Kepler-82 b,4.07,5529.0,19.558,12.15,26.44,8.137618415040444
Kepler-82 c,5.34,5529.0,8.035,13.9,51.54,12.860909669439376
Kepler-83 b,2.83,4648.0,15.412,42.1,9.77,2.232078768775699
Kepler-83 c,2.36,4648.0,5.9,11.4,20.09,3.7005156720968757
Kepler-83 d,1.94,4648.0,28.81,24.6,5.169796,1.497625926340703
Kepler-84 b,2.23,6031.0,227.18371924541867,40.0,8.726,0.5300091729810118
Kepler-84 c,2.36,6031.0,135.13716620165738,20.2,12.883,1.092478322799383
Kepler-85 c,2.18,5436.0,61.929,20.9,12.513,1.1857873498063443
Kepler-85 e,1.27,5436.0,24.318,0.6,25.216751,0.9749537738462806
Kepler-87 b,13.49,5600.0,9.203,324.2,114.73635,2.9114293386777326
Kepler-87 c,6.14,5600.0,4.656,6.4,191.2318,11.72885257243752
Kepler-9 b,8.29,5774.0,48.229,43.4,19.23891,34.10503795992319
Kepler-9 c,8.08,5774.0,18.903,29.9,38.9853,36.22158328896147
Kepler-91 b,15.323,4550.0,3273.324,257.4423,6.24658,5.749909560727306
Kepler-92 b,3.51,5883.0,257.776,64.3,13.749,2.6438158605752684
Kepler-92 c,2.6,5883.0,106.207,6.1,26.723,8.934431256782192
Kepler-93 b,1.569,5669.0,283.739,3.1783,4.72674,31.89999376356754
Kepler-94 b,3.51,4781.0,216.094,10.84,2.50806,56.19668135091331
Kepler-95 b,3.42,5699.0,178.832,13.0,11.5231,11.567999869521488
Kepler-96 b,2.67,5690.0,57.524,8.46,16.2385,29.964089995241764
Kepler-97 b,1.48,5779.0,767.964,3.51,2.58664,1.1877243512198072
Kepler-98 b,1.99,5539.0,1107.389,3.55,1.54168,18.330801761478593
Kepler-99 b,1.48,4782.0,108.042,6.15,4.60358,0.8812306365568705
L 168-9 b,1.39,3800.0,154.21406351962295,4.6,1.4015,7.8073622393997715
L 98-59 c,1.35,3412.0,12.4,2.42,3.6904,26.817915236319283
L 98-59 d,1.57,3412.0,4.85,2.31,7.4512,231.85977109181837
LHS 1140 b,1.7269999999999999,3216.0,0.503,6.98,24.736959,58.481988848959105
LHS 1140 c,1.2819999999999998,3216.0,6.16,1.81,3.777931,26.025546783527805
LTT 1445 A b,1.38,3337.0,5.9621850887989885,2.2,5.35882,43.8166474776237
LTT 3780 b,1.3319999999999999,3331.0,106.0,2.62,0.768448,17.565450463857132
LTT 3780 c,2.3,3331.0,2.63,8.6,12.2519,72.59169266263781
Lupus-TR-3 b,9.976,5000.0,175.1454061716613,257.431,3.91405,3.8270485025938554
MASCARA-1 b,16.814,7554.0,8451.697907715305,1175.971,2.14878,76.86832627986325
MASCARA-4 b,17.15,7800.0,5514.794060600125,985.273,2.82406,103.81238399931757
NGTS-1 b,14.908,3916.0,65.3,258.07796,2.647298,104.44147678656122
NGTS-10 b,13.507,4600.0,928.7959526524826,687.14846,0.7668944,43.01734735699829
NGTS-11 b,9.158,5050.0,9.965208198548124,109.33352,35.45533,39.15141855198981
NGTS-2 b,17.878,6478.0,1150.2350230282614,235.1942,4.511164,152.91937028191825
NGTS-3 A b,16.589000000000002,5600.0,988.3443859099262,756.4354,1.6753728,27.661992549924527
NGTS-4 b,3.18,5143.0,950.8873302649183,20.6,1.3373508,21.121923613645937
NGTS-5 b,12.732999999999999,4987.0,208.2561495869047,72.78307,3.3569866,237.78331199460936
NGTS-6 b,14.863,4730.0,928.2154258816942,425.57437000000004,0.882059,87.17001943389624
NGTS-8 b,12.218,5241.0,503.0,295.5819,2.4997,37.04857733039496
NGTS-9 b,11.994000000000002,6330.0,729.0,921.707,4.43527,7.633583060880104
OGLE-TR-111 b,11.422,5040.0,181.90188478220065,174.8065,4.0144463,16.71496651160027
OGLE-TR-182 b,12.665999999999999,5924.0,544.9532150064645,320.995,3.9791,6.1197515536490155
OGLE-TR-211 b,15.244000000000002,6325.0,1469.1690705168535,327.351,3.67724,14.079813498848184
OGLE2-TR-L9 b,18.046,6933.0,2846.764001562164,1430.175,2.4855335,8.16567681810979
POTS-1 b,10.548,4400.0,84.39619899627161,734.16,3.1606296,4.121258434498876
Qatar-1 b,12.812000000000001,5013.0,666.3912668834931,411.27202,1.4200242,82.09325612002434
Qatar-10 b,17.295,6124.0,2401.007940400665,233.92288,1.645321,141.51447860577136
Qatar-2 b,14.056,4645.0,550.5849094419866,792.635,1.33711647,47.99128475873631
Qatar-3 b,12.285,6007.0,1330.0,1369.8473,2.5079204,7.745558651629463
Qatar-4 b,12.722000000000001,5215.0,614.0,1938.763,1.8053564,9.192653734015005
Qatar-5 b,12.408,5747.0,669.0,1373.0256,2.8792319,10.453504791922464
Qatar-6 b,11.904000000000002,5052.0,169.53787166604687,212.31044,3.506195,202.2984702883259
Qatar-7 b,19.055,6387.0,2931.692588446482,597.5204,2.032046,47.64727176769205
Qatar-8 b,14.404000000000002,5738.0,742.7255135743216,117.91493,3.71495,215.51551505925562
Qatar-9 b,11.31,4309.0,276.85369267340246,378.2177,1.540731,43.817336146039914
TOI-1130 c,16.814,4250.0,27.778700638800412,309.56642,8.350381,366.5410255202468
TOI-1235 b,1.7380000000000002,3872.0,53.6,6.91,3.444729,32.99046296666861
TOI-125 b,2.7260000000000004,5320.0,185.0,9.5,4.65382,49.3732698235579
TOI-125 c,2.759,5320.0,77.59,6.63,9.15059,59.475636703702335
TOI-125 d,2.93,5320.0,26.7,13.6,19.98,26.767800322510222
TOI-132 b,3.42,5397.0,860.0,22.4,2.1097019,36.570454466211466
TOI-1338 b,6.85,6050.0,11.777517129740819,33.0,95.174,21.098492923740796
TOI-150.01,14.067,6255.0,650.9188528083233,797.7533,5.857487,20.776300095451358
TOI-157 b,14.415,5404.0,1062.0,375.0394,2.0845435,56.76068122854584
TOI-163 b,16.69,6495.0,1300.6166011021478,387.7526,4.231306,70.3424081257135
TOI-169 b,12.173,5880.0,1443.0,251.40353,2.2554477,49.35395449314019
TOI-172 b,10.817,5645.0,299.0,1722.6386,9.47725,3.0117667381822697
TOI-1728 b,5.05,3980.0,57.78,26.78,3.49151,129.77888484839875
TOI-1899 b,15.356,3841.0,2.9,209.7678,29.02,104.49385271549819
TOI-216.01,11.29,5026.0,10.1,200.0,34.556,41.2441745477804
TOI-216.02,7.69,5026.0,25.9,30.0,17.089,109.87633274965206
TOI-677 b,13.115,6295.0,214.4736782988276,392.83788,11.2366,77.4013601709976
TOI-849 b,3.444,5373.8,2478.4121001939725,39.09,0.76552414,21.175667956395422
TRAPPIST-1 b,1.0859999999999999,2559.0,4.25,0.85,1.51087081,43.22837206908054
TRAPPIST-1 c,1.056,2559.0,2.27,1.38,2.4218233,20.917316036450238
TRAPPIST-1 d,0.772,2559.0,1.143,0.41,4.04961,23.17596102666793
TRAPPIST-1 e,0.9179999999999999,2559.0,0.662,0.62,6.099615,22.480690877498542
TRAPPIST-1 f,1.045,2559.0,0.382,0.68,9.20669,26.35802665928511
TRAPPIST-1 g,1.127,2559.0,0.258,1.34,12.35294,15.211928663404153
TRAPPIST-1 h,0.752,2559.0,0.165,0.331,18.767,15.914806074182758
TrES-1 b,12.665999999999999,5230.0,281.37868006623495,266.9772,3.03007,120.71541407241916
TrES-2 b,15.244000000000002,5850.0,903.864,473.5667,2.47063,92.4102976783756
TrES-3 b,14.975,5650.0,1209.0021817702568,607.03,1.30618581,95.05488274272024
TrES-4 b,18.046,6200.0,1670.9278664399797,247.9074,3.55395,134.71319102301925
TrES-5 b,13.384,5171.0,804.7975040761378,568.9157,1.48224686,35.9357340640638
WASP-1 b,16.623,6252.0,1954.250679484355,271.415,2.5199454,127.36153160497012
WASP-10 b,12.106,4675.0,147.42081079682774,1001.12,3.0927616,30.583909200147552
WASP-100 b,14.908,6900.0,3857.213797738294,400.4658,2.84938,87.59823344577951
WASP-101 b,16.029,6380.0,965.2721048559182,162.0933,3.58572,359.2589333031306
WASP-103 b,17.127,6110.0,6574.4705721782975,473.547,0.925542,88.93127555733841
WASP-104 b,12.745,5475.0,870.3544777761346,404.263,1.7554137,81.91635256560367
WASP-105 b,10.761,5070.0,86.52687759595038,572.094,7.87288,21.2974077635042
WASP-106 b,11.433,6055.0,290.45578412159614,514.8846,9.28971,17.998305940012692
WASP-107 b,10.536,4430.0,49.188496415968274,38.1396,5.72149,795.3580360073026
WASP-11 b,12.442,4800.0,135.16061135471554,251.0857,3.72247,105.05449541102955
WASP-113 b,15.793,5890.0,807.4549721457346,150.96925,4.54216875,128.25276609488043
WASP-114 b,15.009,5940.0,2808.748754686659,562.24127,1.5487743,11.225926799612843
WASP-117 b,11.882,6040.0,181.25680627679532,95.349,10.02165,206.17686264036882
WASP-118 b,16.141,6410.0,1473.3716167390437,163.36462,4.0460435,169.8427618720535
WASP-119 b,15.693,5650.0,1000.0548563034286,390.9309,2.49979,80.81554281534727
WASP-12 b,21.712,6360.0,7405.773511614875,465.62095,1.09142,190.3167069534399
WASP-120 b,16.511,6450.0,2054.80770056224,1541.4755,3.6112706,16.823896754894363
WASP-121 b,20.905,6459.0,5147.190990869211,375.99289,1.2749255,367.6133276438782
WASP-123 b,14.773,5740.0,876.0309916660783,285.72917,2.9776412,67.9352140213491
WASP-124 b,13.899000000000001,6050.0,617.1773521638875,190.698,3.37265,101.07417005089609
WASP-127 b,15.356,5620.0,637.4775205241777,57.2094,4.178062,801.1005709101856
WASP-129 b,10.424000000000001,5900.0,223.320436670309,317.83,5.748145,39.02014906448959
WASP-13 b,13.675,5950.0,965.2507237968144,114.4188,4.35301,274.93942606528293
WASP-130 b,9.976,5625.0,80.64750336160753,390.9309,11.55098,27.75288228093971
WASP-131 b,13.675,6030.0,750.6167072110823,85.8141,5.322023,355.0819152460683
WASP-132 b,9.752,4775.0,56.359099994001916,130.3103,7.133521,101.3475867193499
WASP-133 b,13.562999999999999,5700.0,1646.8992349906252,368.6828,2.176423,32.545405470592144
WASP-135 b,14.572000000000001,5675.0,1447.393427970656,603.877,1.4013794,53.04527284291875
WASP-136 b,15.468,6260.0,1545.1219848620194,479.9233,5.215357,49.89078143959621
WASP-138 b,12.218,6272.0,1051.0392346671458,387.7526,3.634433,32.359817590358865
WASP-139 b,8.967,5310.0,117.55998455406468,37.18611,5.924262,203.31956480764887
WASP-14 b,15.468,6475.0,1992.1019209432434,2809.6172,2.24375,24.213672283437198
WASP-140 b,16.141,5260.0,498.043610080068,775.5052,2.2359835,129.81307629424123
WASP-141 b,13.562999999999999,5900.0,930.6013117201944,854.9627,3.310651,13.7944186976192
WASP-142 b,17.15,6010.0,2605.406423802849,266.9772,2.052868,72.6160930093439
WASP-144 b,9.527999999999999,5200.0,431.43364717724376,139.8452,2.2783152,69.39843104985646
WASP-145 A b,10.088,4900.0,350.49556328360825,282.8687,1.7690381,116.95441950008855
WASP-147 b,12.498,5702.0,644.3824800949808,87.40325,4.60273,102.66947495137137
WASP-148 b,8.093,5460.0,121.51311701844443,92.48853000000001,8.80381,37.30401619185474
WASP-15 b,15.805,6300.0,1241.6640499505297,171.6282,3.7521,203.80083287748283
WASP-150 b,11.994000000000002,6218.0,761.779599170973,2688.8418,5.644207,2.4369680440738772
WASP-151 b,12.665999999999999,5871.0,460.0,98.5273,4.533471,115.45268237501956
WASP-153 b,17.374000000000002,5914.0,1400.0,123.9537,3.332609,145.30307197627437
WASP-156 b,5.7170000000000005,4910.0,150.0,40.68224,3.836169,92.64385668003428
WASP-157 b,,5772.0,484.46056714633266,182.0,3.951623,
WASP-158 b,11.994000000000002,6350.0,1054.1032297196236,886.7457,3.656333,10.686063080990783
WASP-159 b,15.468,6120.0,1934.9130248520903,174.8065,3.840401,55.29410971909371
WASP-16 b,13.675,5700.0,480.2734516525182,394.1092,3.1186,75.43300000361602
WASP-160 B b,12.218,5298.0,261.4098132806969,88.35674,3.7684952,168.8442015875049
WASP-161 b,12.812000000000001,6400.0,990.0,791.3967,5.4060425,15.598458179265084
WASP-162 b,11.209000000000001,5300.0,115.12182255066644,1652.716,9.62468,4.817029857672723
WASP-163 b,13.472999999999999,5500.0,1200.0,594.3421,1.6096884,55.589926264477285
WASP-164 b,12.644,5806.0,1106.895217157397,676.9779,1.7771255,34.023047109238114
WASP-165 b,14.123,5599.0,1158.6731418113447,209.13214,3.465509,42.374807586815884
WASP-166 b,7.062,6050.0,440.0,32.10083,5.44354,230.4972783122959
WASP-168 b,16.814,6000.0,541.9051177500548,133.4886,4.153658,306.65300472106935
WASP-169 b,14.617,6110.0,1088.4201958549395,178.30263,5.6114118,55.18963610182067
WASP-17 b,20.961,6550.0,953.5264074138015,247.9074,3.73543,235.63546376163129
WASP-170 b,12.285,5600.0,680.0,508.528,2.34478022,40.147691768033496
WASP-171 b,10.985,5965.0,1203.7473537998803,344.52772000000004,3.8186244,14.02347548561055
WASP-172 b,17.598,6900.0,1538.0667229188261,149.3801,5.477433,173.78318781009108
WASP-173 A b,13.450999999999999,5800.0,1920.0,1172.7927,1.38665318,30.54218360928657
WASP-175 b,13.54,6229.0,1004.5133234550235,314.6517,3.0652907,43.831451173552544
WASP-176 b,16.87,5941.0,1457.5046481602974,271.74465,3.899052,59.48474716014062
WASP-177 b,17.71,5017.0,286.7242648206064,161.45764,3.071722,423.65924485800645
WASP-178 b,20.288,9360.0,6172.531615703634,527.5978,3.3448285,178.74385773783894
WASP-180 A b,13.899000000000001,6600.0,1029.9882636593682,286.047,3.409264,114.14605840378606
WASP-181 b,13.270999999999999,5839.0,327.2089363132453,95.03116999999999,4.5195064,170.9394097245378
WASP-182 b,9.527999999999999,5638.0,797.0047827223157,47.03884,3.3769848,118.88793480251286
WASP-183 b,16.477,5313.0,253.1440002210523,159.55066000000002,4.1117771,201.0817842594548
WASP-184 b,14.908,6000.0,803.0553589143636,181.1631,5.1817,55.08589336938506
WASP-185 b,14.011,5900.0,299.0757644594495,311.4734,9.38755,55.43483109458142
WASP-19 b,15.603,5568.0,3314.2843423568893,339.76027,0.78883899,178.64163271794828
WASP-190 b,12.89,6400.0,876.5021935144167,317.83,5.367753,30.891973697338297
WASP-192 b,13.787,5910.0,1148.2293935042248,731.009,2.8786765,19.292095859669526
WASP-2 b,12.117,5180.0,492.0,295.89973,2.152175,111.07771861918307
WASP-20 b,16.387999999999998,5940.0,599.6659387808795,98.841,4.8996284,419.2972227234042
WASP-21 b,11.99,5800.0,528.8791393223287,95.345,4.322482,181.89574444259537
WASP-22 b,13.787,6000.0,674.2352466705645,212.9461,3.53269,97.57366873392105
WASP-23 b,10.783,5150.0,273.24498981060196,280.95,2.9444256,63.005706595910326
WASP-24 b,15.468,6075.0,1630.6333552778158,394.1092,2.34121,76.81248484298402
WASP-25 b,11.994000000000002,5750.0,365.4937989876341,139.8452,3.76483,205.21925379429575
WASP-26 b,13.562999999999999,6034.0,1322.4601806216172,270.1555,2.7566,118.71701468223416
WASP-28 b,13.597000000000001,6150.0,765.9820212833484,288.26,3.40883,75.29741454012932
WASP-29 b,8.631,4800.0,149.34125008165515,73.1009,3.92273,212.610590965981
WASP-3 b,15.917,6400.0,2607.7822946459023,772.3269,1.84683,69.20840523913508
WASP-31 b,17.363,6302.0,1020.602189690282,151.916,3.4059096,262.36045936044553
WASP-32 b,10.761,6140.0,985.8969516035894,835.8929,2.71866,23.520764515837374
WASP-33 b,17.855999999999998,7430.0,8668.428169300325,665.21819,1.21987,388.6708997938234
WASP-34 b,11.209000000000001,5700.0,299.32280438872954,177.9848,4.31768,186.42466229527508
WASP-35 b,14.572000000000001,5990.0,733.8862031635664,225.6593,3.16158,206.4892403848999
WASP-36 b,14.874,5959.0,1519.028298336141,750.39663,1.53736596,43.52765562583221
WASP-37 b,13.002,5800.0,508.58224261252195,572.07,3.577469,29.309277680037823
WASP-38 b,13.787,6180.0,414.5760707908823,1093.3352,6.87188,33.00679713231533
WASP-39 b,14.235,5400.0,261.890042534452,88.989,4.055259,380.02688455432957
WASP-4 b,14.807,5400.0,1183.1871829468698,376.94638,1.33823147,118.69666279881686
WASP-41 b,12.33,5545.0,396.5726905057727,270.1555,3.0524,137.76326849954194
WASP-42 b,12.575999999999999,5315.0,180.1143787438612,167.49641,4.9816819,137.07639411835788
WASP-43 b,10.424000000000001,4400.0,598.5603613397741,565.714,0.813475,88.33122934577112
WASP-44 b,12.33,5420.0,533.0,276.5121,2.423804,57.622673893897726
WASP-45 b,10.604000000000001,5150.0,294.0,306.38812,3.126089,50.355556925631895
WASP-46 b,13.159,5600.0,1197.2157109580617,607.0553,1.43036763,42.65992727153525
WASP-47 b,12.63,5552.0,534.0,363.1,4.1591289,46.72735817209634
WASP-47 d,3.576,5552.0,190.0,13.1,9.03077,25.268530655959292
WASP-47 e,1.81,5552.0,4895.0,6.83,0.789592,13.938253679126609
WASP-48 b,16.814,5920.0,2830.2087786794727,254.264,2.14363,131.09985296048495
WASP-49 b,12.442,5600.0,585.8062494606113,117.5971,2.78174,256.50894612154787
WASP-5 b,12.184000000000001,5700.0,1407.2589739067068,502.15,1.6284279,43.03172609919396
WASP-50 b,13.07,5400.0,621.423008002707,466.8287,1.9551,90.13448476310903
WASP-52 b,14.24,5000.0,475.5715392303044,146.2,1.7497798,361.13192465409645
WASP-53 b,12.038,4953.0,205.4925266826822,677.61356,3.3098443,31.371368812792454
WASP-54 b,17.71,6100.0,1671.8415270577989,187.5197,3.69364,262.43136009721553
WASP-55 b,14.908,5900.0,427.8331482620411,193.8763,4.46563,146.66704659809866
WASP-56 b,10.536,5600.0,347.03157392247823,143.0235,4.6171,82.03575347362091
WASP-57 b,11.769,5600.0,535.7881589563432,204.68251999999998,2.83891856,67.15120645919468
WASP-58 b,16.029,5800.0,441.9303603983193,308.2951,5.01718,98.81092582672395
WASP-59 b,8.687000000000001,4650.0,32.14047376979915,274.276,7.919585,40.00907969170366
WASP-6 b,11.545,5450.0,325.91365218540506,117.5971,3.36101,234.5571216169109
WASP-60 b,9.863999999999999,5900.0,494.1475095267028,174.8065,4.305,38.86221483885678
WASP-61 b,15.805,6250.0,952.8851236871363,851.7844,3.8559,19.587728001063923
WASP-62 b,14.796,6230.0,688.3014278338725,165.2716,4.41195,297.2368751041369
WASP-63 b,15.805,5550.0,910.7907400051025,117.5971,4.37808,185.7159300076064
WASP-64 b,14.247,5400.0,1223.2449188873,403.945,1.5732918,64.2907017717912
WASP-65 b,12.464,5600.0,807.1836314327435,492.62,2.3114243,48.349738089994595
WASP-66 b,15.693,6600.0,1743.0135811652844,746.9005,4.08605,24.83067564586276
WASP-67 b,12.89,5200.0,183.87978419272957,136.6669,4.61442,180.42514639226758
WASP-68 b,14.796,5910.0,802.9637480634357,343.2564,5.0843,68.03239387775197
WASP-69 b,12.442,4700.0,141.13684157383454,92.1707,3.86814,772.1904159046813
WASP-7 b,14.908,6400.0,807.1879827498391,305.1168,4.9546416,169.0040585051856
WASP-70 A b,13.047,5763.0,624.0241706911484,187.512,3.7130203,127.64891227946518
WASP-71 b,13.227,6050.0,3013.6852493231563,441.7837,2.90367,44.38534248719674
WASP-72 b,14.46,6250.0,2972.978832277061,731.009,2.21673,20.931513288665723
WASP-73 b,15.917,6030.0,1664.3739838457018,908.9938,4.08722,18.8143232899204
WASP-74 b,15.244000000000002,5990.0,2238.3589395761064,228.8376,2.13775,330.1480112865421
WASP-75 b,14.235,6100.0,1657.0,340.06,2.484193,88.66384403342775
WASP-76 b,20.511999999999997,6250.0,3769.1877159204805,292.4036,1.809886,484.6682264748669
WASP-77 A b,15.468,5365.0,1173.137076149792,727.8307,1.36003,141.6412725508693
WASP-78 b,21.633000000000003,6100.0,4588.885668946672,352.7913,2.17518,69.15482474276641
WASP-79 b,18.719,6600.0,1588.2279469468967,270.1555,3.66238,264.8840866372443
WASP-8 b,12.665999999999999,5600.0,122.44273154989226,807.2882,8.15872,50.423403354742206
WASP-80 b,11.198,4143.0,77.5005611025448,170.99254,3.06785234,321.4400004760118
WASP-81 b,16.018,5870.0,1142.2320035866358,231.69807000000003,2.7164762,112.70796261486656
WASP-82 b,18.159000000000002,6480.0,3720.2978306399514,371.8611,2.70579,141.75369224748965
WASP-83 b,11.657,5510.0,261.75058373259066,95.349,4.971252,134.0821820658794
WASP-84 b,10.559000000000001,5314.0,67.7961745255115,220.565,8.5234865,117.88106411198719
WASP-85 A b,,6112.0,733.7996030588512,402.1,2.6556777,
WASP-87 b,15.524000000000001,6450.0,4766.40171563252,692.8694,1.682795,58.447437895157016
WASP-88 b,16.365,6430.0,1601.1598300650944,133.4886,4.954,158.08876897167406
WASP-89 b,11.657,5130.0,264.32997191649895,1875.197,3.3564227,6.913822947795826
WASP-90 b,18.271,6430.0,1899.0336228239223,200.2329,3.916243,127.55215610441525
WASP-91 b,11.545,4920.0,289.17426289513764,425.8922,2.798581,56.72945849048765
WASP-92 b,16.375999999999998,6280.0,2068.062298882288,255.85315,2.1746742,88.74574387265066
WASP-93 b,17.901,6700.0,2360.862092437505,467.2101,2.7325321,106.5942159747171
WASP-94 A b,17.71,6170.0,846.1255615133496,158.915,3.95019,406.1248557466467
WASP-95 b,13.787,5830.0,1122.3813308766098,457.6752,2.18467,114.55402101683528
WASP-96 b,13.45,5540.0,453.27456033445463,152.55,3.4252602,119.31632954078746
WASP-97 b,12.777999999999999,5640.0,936.9496488084974,432.2488,2.07276,96.37622540259076
WASP-98 b,12.823,5473.0,311.3214149820313,293.03926,2.96264036,81.15502820620966
WASP-99 b,11.433,6150.0,770.1826991740962,772.3269,5.75251,24.95018087023813
WTS-1 b,16.7,6250.0,834.5494633930587,1274.44,3.352057,4.00341733254784
WTS-2 b,15.277999999999999,5000.0,917.2056580979444,355.9696,1.0187068,51.441576149688466
XO-1 b,12.777999999999999,5750.0,346.8706194135145,263.7989,3.94153,145.21975893594094
XO-2 N b,11.130999999999998,5307.0,515.709204682792,179.89178,2.61586178,134.35553618280775
XO-3 b,15.805,6429.0,2904.4803946918987,2316.9807,3.19154,26.62074839257976
XO-4 b,14.011,6397.0,1170.061814187641,451.3186,4.12508,63.310226854815795
XO-5 b,12.78,5430.0,375.3454913950421,378.2,4.1877558,42.67322411422721
XO-7 b,15.39,6250.0,1540.0,225.34147000000002,2.8641424,181.48011862541682
pi Men c,2.042,6037.0,309.0,4.82,6.2679,227.9545087805416
