,Target,RA,Dec,V mag,J mag,H mag,K mag
0,1003831,08:41:10.84,-16:02:10.78,11.097000000000001,10.044,9.71,9.604
1,1103432,08:42:19.55,-17:11:21.93,13.4,12.267000000000001,12.005,11.963
2,1129033,02:28:37.33,-07:03:38.4,10.294,8.766,8.374,8.405
3,1133072,08:44:20.67,-28:04:36.37,15.34,11.172,10.475999999999999,10.282
4,1449640,05:00:41.18,-35:12:09.63,12.399000000000001,11.456,11.265999999999998,11.202
5,2758565,23:45:07.93,-17:26:57.35,13.064,11.700999999999999,11.331,11.249
6,2760710,23:46:06.57,-16:41:29.27,18.44,12.126,11.504000000000001,11.25
7,4616072,06:47:58.62,-21:54:38.56,13.325,12.364,12.155,12.137
8,4646810,02:33:05.1,-10:21:07.84,9.78,8.035,7.557,7.459
9,7624182,04:17:14.76,-38:50:39.02,8.84,8.633,8.678001,8.613999999999999
10,9006668,23:16:55.46,-18:36:23.93,10.748,9.214,8.767000000000001,8.597999999999999
11,9033144,23:18:25.5,-19:49:25.83,10.304,9.193,8.948,8.85
12,9102327,23:23:07.15,-19:25:10.74,11.905999999999999,10.763,10.467,10.439
13,9725627,23:53:38.03,-10:07:05.22,11.915,10.508,10.283,10.199
14,9727392,23:53:46.74,-10:53:05.85,11.860999999999999,10.775,10.517000000000001,10.489
15,9804616,03:10:34.44,-09:16:36.52,16.79,12.472999999999999,11.862,11.663
16,9858404,03:13:59.87,-08:34:25.86,8.45,7.456,7.221,7.143
17,12421862,00:09:05.16,-27:07:18.28,11.687999999999999,8.655,8.142999999999999,7.856
18,12423815,00:10:16.52,-26:16:56.67,16.516,13.224,12.562999999999999,12.333
19,12862099,00:15:36.79,-11:56:17.75,13.095999999999998,11.702,11.408,11.341
20,13021029,05:01:11.92,-26:03:14.92,12.489,11.219000000000001,11.034,11.008
21,13023378,23:08:12.9,-28:00:28.17,12.511,11.373,11.08,11.054
22,13023738,23:08:20.37,-29:35:25.61,12.970999999999998,11.581,11.238,11.154000000000002
23,13349647,08:46:19.29,-08:01:37.15,12.835999999999999,11.609000000000002,11.353,11.294
24,14091633,05:09:02.44,-36:27:52.12,9.285,8.472999999999999,8.253,8.205
25,14091704,05:09:17.66,-36:35:27.72,9.583,8.689,8.479,8.412
26,14661418,11:36:02.37,-29:32:36.11,13.397,11.556,11.005999999999998,10.942
27,15445551,12:21:17.92,-52:50:26.94,10.727,9.832,9.593,9.552
28,17746821,07:52:15.23,12:08:21.65,11.703,10.815999999999999,10.545,10.5
29,19025965,07:58:30.65,12:52:59.74,12.552999999999999,10.364,9.767000000000001,9.626
30,19451711,08:18:24.64,-07:34:16.46,7.59,7.087999999999999,6.99,6.931
31,19519368,08:18:46.9,-06:47:09.32,10.845999999999998,9.315,8.792,8.741
32,20178111,05:59:35.38,-40:23:44.68,10.87,9.693,9.426,9.316
33,22221375,09:56:29.64,-24:05:57.07,7.93,6.8389999999999995,6.577000000000001,6.462999999999999
34,22529346,07:10:24.06,-39:05:50.17,10.514000000000001,9.625,9.439,9.374
35,25155310,04:13:29.93,-69:13:35.73,10.994000000000002,9.962,9.658999999999999,9.597999999999999
36,25375553,21:55:04.26,-22:36:45.36,10.251,9.356,9.163,9.076
37,27649847,08:13:22.62,12:13:19.59,14.690999999999999,10.921,10.357000000000001,10.089
38,27966179,23:55:00.4,-22:32:20.07,13.979000000000001,11.770999999999999,11.181,10.962
39,29781292,04:20:57.19,-68:06:09.68,9.42,8.476,8.256,8.175
40,29857954,21:06:31.65,-26:41:34.32,11.299000000000001,10.135,9.825,9.722000000000001
41,29918916,01:38:57.66,-07:16:51.52,11.638,10.277999999999999,9.966000000000001,9.88
42,29960109,02:49:00.02,-14:32:15.53,12.659,9.732999999999999,9.125,8.875
43,30122649,08:54:59.65,-44:17:19.07,10.729000000000001,9.337,8.917,8.806000000000001
44,30828562,08:58:52.4,-43:27:10.06,8.29,7.88,7.819,7.79
45,30853470,05:03:39.82,-66:39:17.72,12.322000000000001,10.325999999999999,9.771,9.602
46,31374837,05:33:04.62,-26:43:25.93,9.12,7.305,6.846,6.723
47,32090583,03:53:41.28,-68:44:19.06,16.445,11.675,11.09,10.825999999999999
48,32283946,01:36:41.45,-31:40:14.86,12.475999999999999,11.127,10.776,10.744000000000002
49,32830028,05:47:00.52,-24:50:33.51,17.6,12.431,11.843,11.568
50,33153766,09:39:05.67,-45:25:34.27,9.12,7.922000000000001,7.6160000000000005,7.524
51,33521996,05:52:35.23,-19:01:53.86,15.044,12.046,11.397,11.224
52,33595516,01:54:51.79,-29:25:18.15,11.981,10.832,10.481,10.418
53,33692729,06:12:13.88,-14:38:57.54,9.49,8.056000000000001,7.718,7.587000000000001
54,33831980,04:13:39.85,-76:05:52.85,13.267999999999999,10.853,10.193999999999999,10.048
55,34068865,09:44:29.15,-45:46:44.46,10.152999999999999,6.632000000000001,6.045,5.78
56,35009898,10:58:53.89,-05:32:51.16,14.54,10.744000000000002,10.139,9.918
57,35516889,09:53:40.02,-45:39:32.79,12.248,10.911,10.602,10.481
58,35582553,06:48:53.44,-13:31:38.17,10.39,9.641,9.402000000000001,9.332
59,35857242,02:46:33.4,-00:27:50.85,11.796,10.782,10.54,10.494000000000002
60,36724087,10:18:34.78,-11:43:04.08,13.14,9.007,8.439,8.204001
61,36734222,10:19:37.96,-09:48:23.2,12.305,9.995,9.397,9.267000000000001
62,37749396,00:19:05.52,-09:57:58.14,9.9,7.376,6.71,6.5489999999999995
63,37770169,06:16:02.38,-25:01:53.08,11.171,9.945,9.55,9.422
64,38460940,04:04:32.59,-62:59:20.87,15.634,11.575999999999999,11.036,10.838
65,38510224,04:10:03.87,-61:56:33.6,12.829,10.777000000000001,10.106,10.001
66,38541473,03:45:13.12,-10:58:24.43,11.187999999999999,10.25,9.937999999999999,9.891
67,38571020,04:12:47.85,-64:20:52.1,10.655,9.674,9.399,9.322000000000001
68,38603673,04:17:39.61,-61:23:31.24,9.863,9.168,8.966000000000001,8.894
69,38686737,03:51:27.76,-10:36:50.68,13.089,12.092,11.892000000000001,11.828
70,38696105,04:24:32.7,-60:07:47.75,11.158,10.005,9.771,9.68
71,38846515,04:35:50.36,-64:01:37.34,10.798,9.928001,9.715,9.669
72,40083958,00:29:33.08,-10:28:05.8,11.309000000000001,10.277999999999999,9.872,9.837
73,41865539,01:25:17.34,-39:56:52.34,12.979000000000001,11.735999999999999,11.455,11.354000000000001
74,42054565,01:36:40.41,-36:24:50.44,10.615,9.349,8.975,8.895000999999999
75,43647325,05:04:19.65,-06:13:47.21,10.939,9.887,9.597999999999999,9.525
76,44647437,03:57:38.54,-25:11:23.78,14.338,11.745999999999999,11.100999999999999,10.945
77,44737596,04:03:47.85,-25:24:32.12,15.689,12.481,11.755999999999998,11.584000000000001
78,44745077,04:06:33.48,-25:05:38.82,15.270999999999999,11.651,11.056,10.806
79,46096489,14:18:43.92,-20:16:31.57,11.288,9.984,9.658999999999999,9.589
80,47316976,22:41:13.85,-28:01:57.57,9.359,8.513,8.347000000000001,8.33
81,47423120,22:48:16.21,-24:50:19.26,11.443,10.354000000000001,10.006,9.97
82,47425697,22:49:01.48,-24:57:33.46,10.92,9.967,9.757,9.686
83,47484268,22:51:52.13,-24:47:16.01,15.46,10.854000000000001,10.22,9.941
84,47525799,22:55:31.29,-24:24:35.04,12.061,10.173,9.67,9.564
85,47911178,06:33:24.26,-23:29:09.91,10.335999999999999,9.334,9.124,9.075
86,48103627,09:49:37.61,-33:13:06.61,13.078,11.811,11.552999999999999,11.51
87,48476907,10:00:36.64,-34:40:54.71,10.083,8.763,8.543,8.751
88,48476908,10:00:36.93,-34:40:53.21,10.013,8.969,8.687999999999999,8.682
89,49079670,06:44:17.21,-23:49:09.07,10.552,9.297,8.95,8.901
90,49687222,23:26:49.29,-11:43:32.06,10.263,9.225,8.972999999999999,8.912
91,49710555,23:28:39.48,-10:51:34.63,12.943,11.697000000000001,11.42,11.318
92,49899799,03:15:25.05,-02:10:31.13,8.765,7.776,7.557,7.473
93,50618703,05:29:09.62,-00:20:34.43,10.777000000000001,8.592,8.027000000000001,7.8
94,51912829,00:57:11.67,-67:29:46.28,10.01,8.994,8.73,8.689
95,52204645,01:17:34.6,-66:54:11.04,11.671,10.017999999999999,9.552,9.423
96,52280468,06:39:28.09,-33:32:24.8,15.002,10.765999999999998,10.177,9.918
97,52368076,01:34:22.42,-66:40:34.86,11.023,9.466000000000001,9.112001,8.995
98,52640302,06:44:27.58,-32:51:30.2,12.704,11.368,11.079,10.956
99,53189332,11:05:43.11,-05:04:46.15,11.21,10.472000000000001,10.234,10.161
100,53593457,06:41:13.46,-03:55:32.99,18.17,13.370999999999999,12.828,12.571
101,53735810,10:32:54.01,-34:59:23.67,11.605,10.719000000000001,10.495999999999999,10.452
102,54085154,10:40:43.23,-31:55:38.04,8.691,7.727,7.585,7.4510000000000005
103,54962195,10:40:15.8,-08:30:39.9,13.667,10.448,9.828,9.607000000000001
104,55383975,05:09:32.06,-64:01:33.9,11.963,10.616,10.207,10.107999999999999
105,55452495,04:42:40.87,-64:53:06.75,10.085,9.729,9.64,9.584
106,55488511,03:56:04.28,-10:16:19.23,13.343,10.405,9.783,9.611
107,55525572,04:50:46.56,-60:54:19.66,10.357999999999999,9.326,9.053001,9.029
108,55559618,04:52:33.18,-64:55:43.93,11.216,10.055,9.693999999999999,9.604
109,55650590,04:54:57.17,-62:31:18.75,14.937999999999999,10.873,10.282,10.06
110,55652896,04:55:55.2,-63:15:37.19,12.324000000000002,10.759,10.332,10.218
111,59003115,03:48:54.13,13:28:59.3,12.177999999999999,10.463,10.001,9.89
112,59843967,06:16:26.9,-22:32:48.78,13.515999999999998,12.032,11.697000000000001,11.612
113,61538902,11:45:11.77,-42:03:50.25,12.179,10.725,10.470999999999998,10.412
114,62483237,22:25:36.58,-34:54:34.97,10.55,8.371,7.773,7.64
115,63898957,01:00:52.35,-24:25:26.38,9.56,8.507,8.272,8.182
116,64071894,02:36:32.71,-22:14:41.98,10.362,8.874,8.461,8.34
117,65412605,07:12:29.55,-24:57:12.82,9.633,9.362001,9.273,9.248
118,66356824,00:48:18.3,-32:07:10.06,13.129000000000001,11.772,11.47,11.407
119,66413476,00:55:30.5,-33:30:44.3,13.117,10.919,10.355,10.211
120,66497310,23:44:10.89,-18:53:22.29,13.046,11.752,11.459000000000001,11.360999999999999
121,69838258,22:31:41.19,-21:56:44.53,12.623,11.556,11.299000000000001,11.224
122,70440470,22:37:57.43,-35:09:15.13,13.442,12.179,11.86,11.822000000000001
123,70513361,02:10:08.32,-31:04:14.26,8.91,7.3870000000000005,7.051,6.9670000000000005
124,70785910,00:06:20.06,-30:20:11.01,12.799000000000001,11.597000000000001,11.32,11.251
125,70899085,04:16:45.65,-12:05:05.51,12.492,9.493,8.829001,8.626
126,70914192,04:18:37.7,-17:25:11.4,10.995,9.729,9.352,9.221
127,71512186,06:00:40.79,-08:28:06.03,9.231,8.322000000000001,8.137,8.048
128,72985822,12:37:11.31,-42:24:49.09,12.762,11.662,11.399000000000001,11.333
129,73228647,12:40:08.78,-44:18:43.48,10.09,8.902999999999999,8.594,8.502
130,73649615,12:48:24.9,-45:28:13.7,14.607000000000001,11.138,10.517000000000001,10.274000000000001
131,73717937,12:48:45.5,-47:36:49.24,12.402000000000001,11.082,10.837,10.698
132,73723286,10:22:32.91,-40:30:58.85,9.756,8.499,8.193,8.093
133,74482749,09:10:04.4,-43:55:29.85,9.247,8.827,8.777000000000001,8.728
134,74534430,09:10:41.48,-45:05:55.84,11.002,8.757,8.146,8.044
135,76923707,23:28:41.41,-34:29:29.08,11.190999999999999,9.627,9.14,9.047
136,77031413,23:36:40.95,-34:36:42.81,12.1687,10.824000000000002,10.475,10.405999999999999
137,77031414,23:36:40.49,-34:36:40.7,11.15,10.374,10.084,10.002
138,77156829,04:32:42.96,-39:47:27.15,12.6,9.020000999999999,8.501,8.264
139,77228304,04:36:27.98,-41:14:46.3,,13.097000000000001,12.43,12.052999999999999
140,77253676,04:38:49.01,-36:40:52.77,10.004,8.679,8.411,8.244
141,77951245,05:16:01.22,-31:24:45.7,15.636,10.628,10.136000000000001,9.791
142,78055054,05:22:09.18,-30:58:14.94,13.562000000000001,12.064,11.645999999999999,11.556
143,78154865,09:51:28.17,-04:07:23.96,9.475,8.419,8.151,8.085
144,78672342,06:52:00.66,-18:57:15.95,10.649000000000001,9.707,9.527999999999999,9.432
145,79292541,06:56:13.39,-20:03:08.99,9.487001,9.147,9.166,9.073
146,79395355,21:20:13.03,-51:18:35.9,11.772,10.925999999999998,10.644,10.584000000000001
147,80275202,08:06:06.29,-44:22:30.31,10.602,10.134,10.119,10.039
148,80432617,00:46:41.56,-42:21:42.45,12.958,11.588,11.254000000000001,11.162
149,81419525,08:12:25.99,-46:06:32.9,9.54,9.398,9.375,9.332
150,82128636,08:16:26.48,-46:25:47.35,9.247,8.36,8.152999999999999,8.091000000000001
151,82362447,08:17:00.03,-47:39:07.03,17.2,13.937999999999999,13.382,13.168
152,83092282,08:21:13.21,-46:29:03.47,8.995,8.107999999999999,7.928,7.858
153,88977253,08:12:23.44,-05:46:07.17,12.655999999999999,11.925,11.720999999999998,11.652000000000001
154,89020549,22:33:35.92,-43:26:12.74,11.197000000000001,10.141,9.762,9.646
155,89256802,03:54:54.09,-26:25:24.28,17.04,11.901,11.261,10.98
156,92226327,00:44:59.67,-15:16:26.79,14.15,9.612001,9.092,8.821
157,92352620,20:55:07.98,-34:08:08.7,10.051,9.158999999999999,8.916,8.874
158,92359850,03:28:54.15,-19:58:47.31,10.1,9.107999999999999,8.899,8.811
159,94986319,05:27:24.79,-14:16:36.27,9.931000000000001,8.547,8.219,8.071
160,97158538,07:03:46.91,-30:43:34.89,9.115,8.38,8.267000000000001,8.168
161,97409519,22:10:51.44,-30:44:58.99,12.724,11.65,11.419,11.31
162,98796344,03:01:50.99,-16:35:40.18,10.59,7.294,6.774,6.496
163,99493790,21:10:33.58,-23:18:20.94,12.367,10.985,10.62,10.543
164,100097716,01:36:11.49,-42:18:13.34,11.948,10.767999999999999,10.450999999999999,10.338
165,100100827,01:37:25.07,-45:40:40.06,9.28,8.408999999999999,8.231,8.131
166,100608026,05:46:59.6,-32:31:57.15,12.196,9.665,9.012,8.847000000000001
167,100757807,05:52:07.28,-32:55:30.27,11.411,10.397,10.147,10.076
168,100990000,03:39:16.69,-42:45:46.9,8.270000999999999,7.25,7.04,6.981
169,101011575,08:38:45.19,-13:15:23.5,9.67,7.649,7.0920000000000005,6.9479999999999995
170,101395259,09:54:52.87,-23:19:55.62,10.706,9.765,9.538,9.501
171,101948569,00:59:01.18,-44:09:39.13,11.795,9.645000999999999,9.056000000000001,8.852
172,101955023,10:14:50.18,-47:09:17.77,13.68,9.245,8.666,8.322000000000001
173,102030574,01:03:22.73,-44:42:20.98,12.97,11.704,11.42,11.353
174,102195674,10:16:46.02,-42:33:32.66,11.686,10.796,10.532,10.462
175,102840239,10:23:29.27,-43:50:05.73,10.217,8.531,8.066,7.999
176,104024556,13:04:10.51,-35:32:58.31,10.517000000000001,9.929,9.827,9.76
177,106402532,10:37:38.24,-40:53:17.73,9.44,8.22,7.943,7.845
178,108645766,07:29:47.14,-28:29:02.1,15.62,11.585,11.013,10.76
179,111991770,13:55:42.72,-32:09:34.96,10.972000000000001,9.956,9.713,9.693
180,114749636,23:56:45.96,-22:09:11.63,12.681,11.174000000000001,10.907,10.857000000000001
181,116156517,00:30:50.29,-40:34:24.46,11.645,10.859000000000002,10.694,10.65
182,117979455,04:47:12.67,-17:15:12.12,9.512,8.391,8.079001,8.017000000000001
183,117979694,04:47:41.11,-17:44:42.02,11.35,9.705,9.328,9.215
184,117979850,04:47:14.38,-17:14:55.01,8.437999999999999,7.206,6.938,6.819
185,117979897,04:47:17.86,-17:06:54.62,12.65,11.499,11.261,11.194
186,118021229,08:33:54.02,-20:56:26.33,10.535,9.263,8.872,8.774
187,118327533,00:41:22.68,-37:20:34.87,13.275,12.216,11.867,11.84
188,118327550,00:42:16.74,-36:43:04.71,12.860999999999999,8.827,8.251,7.97
189,119081096,09:04:57.34,-18:30:09.63,14.128,11.184000000000001,10.572000000000001,10.365
190,119292328,06:26:35.21,-38:36:25.95,9.735,8.26,7.937,7.797000000000001
191,120585579,00:17:48.34,-38:06:39.08,13.046,11.908,11.655999999999999,11.614
192,120610833,00:20:57.06,-35:59:54.47,11.800999999999998,10.753,10.365,10.294
193,120896927,02:27:28.29,-27:38:10.02,9.1,7.553,7.215,7.044
194,120916706,02:28:25.99,-25:05:50.38,18.97,14.078,13.45,13.245999999999999
195,121338379,08:36:21.79,-03:51:36.73,10.067,9.036,8.914,8.781
196,122262940,08:52:57.27,-57:56:26.24,10.731,9.783,9.567,9.514
197,122612091,02:44:09.62,-30:10:08.68,10.868,9.964,9.724,9.617
198,122613513,02:44:45.23,-32:12:39.75,12.035,9.532,8.984,8.831
199,123482865,07:40:24.67,-42:09:16.79,10.087,8.829001,8.575,8.443999999999999
200,123702439,07:42:33.29,-43:33:12.58,10.593,9.593,9.3,9.267000000000001
201,123898871,06:03:39.84,-19:02:27.02,10.126,9.506,9.316,9.276
202,124573851,10:35:36.17,-05:10:52.94,10.606,9.557,9.215,9.134
203,125405602,13:58:27.8,-23:16:39.26,13.243,9.851,9.191,8.96
204,126733133,09:07:49.33,-51:52:01.97,10.397,9.424,9.118,9.055
205,127530399,14:30:26.21,-46:09:34.26,11.937999999999999,10.257,9.745,9.674
206,128463355,07:52:14.3,-29:42:50.66,10.511,9.583,9.385,9.235
207,129637892,21:24:27.6,-37:51:00.65,9.557,8.533999999999999,8.337,8.281
208,130415266,06:58:59.97,-47:01:24.12,7.28,7.245,7.3260000000000005,7.278
209,130924120,12:31:58.76,-35:33:16.03,9.743,8.35,7.976,7.874
210,131081852,12:39:02.92,-31:59:32.16,10.434000000000001,9.357000000000001,9.073,8.937000000000001
211,131419878,07:52:08.93,-37:47:56.46,9.283999999999999,8.275,8.061,8.019
212,131743355,07:53:54.33,-39:59:34.8,9.397,9.219,9.201,9.174
213,131979339,07:55:39.28,-37:51:27.77,8.333,7.974,7.922999999999999,7.931
214,134200185,07:06:14.18,-47:35:16.14,10.54,8.402999999999999,7.848,7.715
215,134404603,08:09:21.55,-39:09:52.52,10.618,9.169,8.845,8.731
216,134537478,07:13:12.34,-42:24:35.14,11.001,9.808,9.487001,9.424
217,138727432,02:11:39.43,-37:53:34.76,11.37,10.245,9.939,9.875
218,139285736,23:12:09.55,-45:01:01.54,13.077,11.085,10.607999999999999,10.482000000000001
219,139285832,23:12:14.15,-44:52:35.35,12.349,10.776,10.41,10.315
220,139357541,23:17:57.06,-43:55:31.9,13.392999999999999,12.231,11.949000000000002,11.87
221,139528693,04:15:01.5,-22:06:59,11.965,11.286,11.084000000000001,11.008
222,139733308,04:28:53.48,-21:28:55.4,12.597999999999999,11.199000000000002,10.772,10.703
223,140068425,22:01:12.43,-49:03:36.28,10.265,9.312999999999999,9.088,8.992
224,140691463,04:54:48.35,-76:40:50.18,12.725,11.370999999999999,10.99,10.892000000000001
225,141363913,08:37:50.96,-43:02:31.26,10.585,9.287,8.971,8.871
226,141527579,05:50:57.38,-76:37:10.6,14.243,10.714,10.105,9.83
227,141608198,05:55:50.84,-73:59:07.04,15.366,10.873,10.258,9.995
228,141768070,06:07:45.02,-73:23:30.7,13.408,11.794,11.397,11.324000000000002
229,143350972,05:28:59.04,-17:25:46.43,8.270000999999999,7.082000000000001,6.872000000000001,6.731
230,144065872,22:29:49.88,-48:00:11.16,10.092,8.936,8.628,8.564
231,144138509,11:44:08.5,-09:56:55.91,11.02,10.065,9.837,9.742
232,144276942,23:35:36.88,-44:48:31.71,13.243,10.8,10.167,10.006
233,144301052,23:37:11.38,-42:00:37.16,12.614,11.515,11.264000000000001,11.217
234,144301273,23:37:46.98,-42:57:58.99,13.163,11.737,11.335,11.339
235,144336525,23:44:27.56,-46:51:59.76,12.325,11.216,10.98,10.899000000000001
236,144440290,23:56:39,-44:43:09.85,9.37,8.144,7.869,7.773
237,144700903,05:40:19.21,11:33:45.49,14.413,11.466,10.749,10.587
238,144956678,08:08:16.47,-35:33:33.96,10.539000000000001,9.270000999999999,9.039,8.937999999999999
239,145750719,22:45:27.37,-14:59:30.39,12.662,11.377,11.07,10.988
240,145982812,08:52:34.85,-50:00:31.67,10.7,10.023,9.9,9.817
241,146261607,08:14:19.66,-34:49:09.56,10.287,10.086,10.109,10.093
242,146463781,08:15:32.5,-31:33:23.48,17.46,13.25,12.679,12.454
243,146846569,10:43:33.51,-44:37:18.54,18.26,13.099,12.514000000000001,12.135
244,147203645,21:32:47.06,-44:01:04.93,11.328,10.062000000000001,9.697000000000001,9.609
245,147660201,10:55:38.18,-42:50:57.41,11.964,10.314,9.932,9.782
246,147977348,06:38:56.3,-36:38:46.07,10.51,9.519,9.327,9.243
247,148228019,06:44:45.3,-36:39:26.48,8.44,7.944,7.84,7.769
248,148479278,06:50:37.91,-37:57:36.7,9.73,9.042,8.915,8.845
249,149010208,00:13:34.59,-31:20:03.85,12.174000000000001,11.207,10.93,10.879000000000001
250,149301575,05:31:55.08,-60:28:36.2,10.759,9.775,9.501,9.459
251,149302744,05:33:31.74,-62:06:32.48,10.222000000000001,9.37,9.139,9.062999999999999
252,149603524,05:48:33.56,-63:59:17.98,10.213,9.272,9.008,8.943999999999999
253,149788158,08:42:56.86,-02:29:54.91,12.68,9.662,9.078,8.827
254,150030205,06:03:56.23,-60:39:58.81,9.866,8.357000000000001,7.961,7.851
255,150098860,06:07:11.93,-61:59:49.96,10.466,9.03,8.631,8.542
256,150151262,06:11:44.67,-65:49:33.02,10.838,8.984,8.408999999999999,8.312999999999999
257,150271680,06:19:01.13,-63:51:52.95,10.22,8.879,8.514,8.443
258,150428135,06:28:22.97,-65:34:43.01,13.151,9.469,8.892999999999999,8.634
259,151681127,11:07:33.34,-40:12:24.9,9.265,8.94,8.874,8.863999999999999
260,151825527,11:11:57.81,-39:19:41.21,13.575999999999999,10.36,9.698,9.507
261,151959065,11:15:59.62,-36:27:33.86,12.446,11.522,11.248,11.194
262,152147232,11:19:38.27,-39:27:43.49,12.322000000000001,11.064,10.845,10.758
263,152476657,04:10:27.86,-45:53:53.68,10.96,10.148,9.982000000000001,9.877
264,153065527,03:17:03.03,-42:14:38.94,13.773,9.695,9.128,8.847999999999999
265,153651591,08:04:02.22,-26:09:56.44,10.450999999999999,10.331,10.394,10.290999999999999
266,154459165,08:08:08.24,-28:03:58.28,11.456,9.605,9.173,9.044
267,155986102,00:29:19.22,-50:08:24.19,12.645,11.324000000000002,10.96,10.825999999999999
268,156016136,00:35:41.74,-50:19:01.08,13.312000000000001,11.992,11.618,11.573
269,156075294,00:42:22.71,-48:17:37.04,12.919,11.642000000000001,11.356,11.263
270,156987351,06:38:19.54,-47:36:49.92,9.167,8.533999999999999,8.432,8.387
271,156991337,06:39:48.91,-42:02:42.71,10.758,9.623,9.322000000000001,9.183
272,157568289,07:07:04.18,-36:46:14.88,11.173,9.732000000000001,9.355,9.395000999999999
273,158588995,10:58:20.77,-36:51:29.19,14.203,10.359000000000002,9.737001,9.469
274,158978373,14:34:37.99,-40:44:23.51,10.554,9.485,9.225,9.179
275,159951311,03:18:14.92,-41:18:07.28,12.456,10.982000000000001,10.575,10.472000000000001
276,160074939,23:05:16.6,-36:56:44.3,9.17,8.297,8.131,8.082
277,160148385,00:04:11.18,-47:21:38.29,12.569,11.267000000000001,10.936,10.914000000000001
278,161477033,04:53:02.71,-45:32:25.46,10.697000000000001,9.37,9.012,8.95
279,162362398,11:17:39.45,-44:01:01.52,10.629000000000001,10.302,10.216000000000001,10.193999999999999
280,164767175,01:44:50.22,-18:24:04.98,10.07,8.847000000000001,8.542,8.449
281,165317334,11:57:03.12,-38:06:17.26,12.248,9.771,9.149,8.977
282,166697854,02:22:56.98,-53:04:12.7,11.439,10.362,10.103,10.074
283,166739520,02:27:06.19,-50:17:03.93,10.139,9.142999999999999,8.86,8.78
284,166833457,03:53:42.96,-34:19:41.78,13.252,11.690999999999999,11.295,11.284
285,166836920,02:39:35.44,-50:00:29.5,9.475,8.436,8.129,8.088
286,167303382,06:31:56.57,-68:42:42.48,8.270000999999999,6.803,6.398,6.275
287,167342439,06:34:55.1,-67:32:14.19,10.71,9.443999999999999,9.062000000000001,8.972000000000001
288,167415965,06:37:50.1,-70:55:52.78,8.71,7.311,6.976,6.862
289,167418898,06:38:26.3,-67:39:23.02,10.75,9.661,9.381,9.326
290,167418903,06:38:28.99,-67:38:56.22,11.807,10.71,10.355,10.276
291,167600516,06:48:05.13,-65:37:27.32,11.863,9.669,9.033,8.883
292,167754523,06:56:43.6,-60:41:16.63,10.05,8.277000000000001,7.822,7.683
293,169226822,10:42:14.1,-03:50:06,10.148,9.092,8.738,8.641
294,169532369,05:12:23.73,-13:36:20.29,12.03,11.110999999999999,10.942,10.895
295,169765334,23:25:17.06,-15:38:04.67,11.262,10.075,9.748,9.677
296,170102285,06:44:30.6,-42:45:44.03,12.539000000000001,10.96,10.514000000000001,10.45
297,170634116,04:25:29.02,-30:36:01.57,10.044,9.299,9.123,9.056000000000001
298,170849515,04:41:21.54,-32:19:13.5,16.68,13.69,12.984000000000002,12.812000000000001
299,172193428,06:34:07.67,-28:24:15,10.937000000000001,9.787,9.443999999999999,9.363
300,172464366,06:40:38.13,-27:34:16.54,11.66,10.550999999999998,10.283,10.204
301,173640199,07:30:16.96,-39:20:22.67,10.697000000000001,9.578,9.382,9.323
302,174143743,07:35:32,-36:23:13.06,10.575999999999999,9.595,9.372,9.308
303,175176327,07:43:18.08,-36:29:48.17,10.127,9.735,9.66,9.618
304,175180796,07:44:02.52,-36:59:47.41,12.482000000000001,9.951,9.291,9.115
305,175476629,23:23:54.7,-38:13:32.84,13.583,12.157,11.764000000000001,11.689
306,175477257,23:24:25.4,-36:58:33.59,13.05,11.79,11.472000000000001,11.434000000000001
307,176778112,03:11:18.66,-35:37:41.05,10.263,8.982000000000001,8.683,8.605
308,176831592,03:15:49.74,-32:48:08.63,9.575,8.587,8.392000000000001,8.285
309,176957796,06:45:11.4,-66:14:17.98,11.402000000000001,9.761000000000001,9.245,9.095
310,176984236,06:47:38.28,-66:19:41.94,11.03,10.079,9.804,9.793
311,177077336,06:52:58.4,-70:38:30.07,10.753,9.257,8.745,8.655
312,177258735,06:48:53.21,-73:17:57.6,8.04,7.0520000000000005,6.825,6.742999999999999
313,178155732,02:51:56.39,-30:48:50.62,6.38,5.473,5.225,5.149
314,178284730,04:01:32.53,-20:27:03.6,11.118,9.609,9.24,9.165
315,178709444,11:04:17.94,-47:49:17.39,16.0,11.999,11.347999999999999,11.084000000000001
316,178819686,12:57:52.34,-39:45:29.02,10.265,8.857999999999999,8.554,8.49
317,179034327,04:16:44.16,-26:45:59.07,9.86,8.3,7.915,7.832000000000001
318,179317684,05:19:04.38,-71:53:43.9,11.467,10.404000000000002,10.152999999999999,10.124
319,179985715,00:56:19.21,-38:56:57.24,12.530999999999999,10.097999999999999,9.503,9.326
320,180145006,00:58:05.6,-37:56:33.21,12.876,11.66,11.33,11.255999999999998
321,180987952,08:41:02.75,-41:26:34.06,9.482999999999999,9.463,9.472000000000001,9.466000000000001
322,181159386,11:37:12.68,-38:18:25.89,11.648,10.673,10.468,10.378
323,181304295,08:43:40.7,-36:39:25.19,10.436,9.962,9.908999999999999,9.856
324,181804752,11:02:45.72,-16:24:23.2,16.91,11.559000000000001,10.993,10.644
325,183120439,01:07:06.89,-75:11:56.2,12.355,11.181,10.895999999999999,10.815
326,183532609,23:59:36.21,-35:01:52.81,9.789,8.501,8.218,8.086
327,183537452,23:51:31.01,-39:54:25.64,11.331,9.353,8.875,8.783
328,183593642,01:11:33.17,-36:42:32.83,11.503,10.413,10.158,10.052999999999999
329,183675732,23:52:54.59,-41:42:01.68,13.588,12.345,12.065,11.997
330,183979262,01:26:36.07,-72:44:55.95,8.777999999999999,7.784,7.582999999999999,7.527
331,184240683,23:57:23.77,-41:16:37.99,12.147,10.949000000000002,10.65,10.597999999999999
332,184952758,08:32:34.6,-36:20:48.55,9.647,8.431000000000001,8.131,7.997000000000001
333,186547153,08:51:21.32,-34:25:54.68,10.442,9.837,9.767000000000001,9.701
334,186812530,08:17:16.89,12:36:04.76,9.396,8.945,8.935,8.895000999999999
335,188570092,22:36:06.2,-17:00:01.1,12.324000000000002,10.424000000000001,9.907,9.764
336,188593930,23:02:05.43,-16:21:38.52,13.001,11.725999999999999,11.435,11.354000000000001
337,188989177,05:15:06.82,-15:06:01.67,9.324,8.841000000000001,8.91,8.835
338,189013224,05:16:24.53,-15:30:36.87,10.116,8.995,8.769,8.584
339,190496853,08:53:38.09,-40:32:37.32,10.825,9.882,9.744,9.669
340,190990336,08:57:29.52,-39:46:42.32,9.45,8.475,8.292,8.205
341,192826603,05:30:51.41,-36:37:51.53,15.667,12.702,12.058,11.936
342,193641523,14:48:39.71,-57:35:19.92,11.314,9.145000999999999,8.557,8.432
343,196286587,08:22:13.72,-25:04:10.09,10.488,9.674,9.488999999999999,9.404
344,198077394,04:15:18.05,-56:15:13.23,11.311,10.181000000000001,9.939,9.877
345,199731190,01:25:10.09,-47:15:46.19,13.023,11.7,11.385,11.253
346,200322593,05:05:14.33,-47:56:15.14,14.823,9.755,9.17,8.9
347,200593988,05:41:20.58,11:11:40.01,14.307,10.919,10.347000000000001,10.107999999999999
348,200723869,03:10:04.14,-50:49:56.15,7.57,6.504,6.325,6.256
349,201233610,23:58:03.98,-49:18:03.02,13.615,12.34,11.998,11.965
350,201248411,00:00:44.55,-54:49:50.96,11.0,8.922,8.4,8.29
351,201292545,00:11:36.17,-56:35:58.84,12.209000000000001,10.833,10.532,10.419
352,201793781,02:18:44.23,-54:51:35.01,9.03,7.912000000000001,7.646,7.586
353,204376737,23:12:37.71,-22:40:26.85,11.907,10.769,10.445,10.325
354,206466531,03:47:15.6,-52:59:06.75,10.54,9.531,9.297,9.219
355,206686292,22:56:14.57,-34:21:39.98,13.262,12.235,11.987,11.96
356,207081058,22:07:28.2,-41:48:55.84,10.385,9.455,9.137,9.095
357,207084429,01:31:01.81,-51:12:56.64,7.76,6.652,6.404,6.3
358,207110080,02:49:09.96,-58:01:28.86,11.232999999999999,10.581,10.309000000000001,10.262
359,207141131,02:57:02.88,-56:11:30.73,8.99,7.428,7.029,6.882999999999999
360,209459275,03:07:16.47,-31:09:46.78,11.091,9.985,9.719,9.638
361,211438925,00:20:38.53,-23:56:08.84,10.675,9.701,9.417,9.39
362,218795833,08:18:25.62,-19:39:46.05,17.35,12.847000000000001,12.225999999999999,11.950999999999999
363,219164808,06:03:05.78,-52:05:03.52,10.01,9.353,9.192,9.107000000000001
364,219189765,11:24:03.55,-19:33:25.05,17.26,13.25,12.602,12.360999999999999
365,219195044,06:09:34.18,-53:49:22.76,13.311,10.241,9.677,9.468
366,219239945,04:18:05.2,-53:48:04.57,11.446,10.363,10.072000000000001,9.993
367,219338557,23:37:35.37,-58:57:18.28,11.550999999999998,8.889,8.286,8.122
368,219345200,04:59:00.64,-49:44:10.24,8.83,7.854,7.617000000000001,7.531000000000001
369,219379012,05:07:20.07,-48:06:57.2,10.637,9.711,9.4,9.346
370,219388773,05:08:11.42,-50:51:32.06,11.345,9.867,9.404,9.232999999999999
371,219401954,05:12:39.65,-53:44:36.38,10.242,9.119,8.806000000000001,8.794
372,219698950,11:42:06.06,-23:21:17.44,12.155,10.924000000000001,10.634,10.58
373,220016044,02:09:17.25,-48:29:05.07,10.732000000000001,10.002,9.770000999999999,9.728
374,220029715,13:55:25.62,-21:12:28.29,13.347000000000001,11.527999999999999,11.085,10.975999999999999
375,220396259,04:35:33.97,-56:08:19.86,10.32,9.401,9.107999999999999,9.037
376,220435095,04:54:33.95,-57:30:48.43,12.568,11.261,10.974,10.924000000000001
377,220459976,04:58:47.32,-56:23:37.73,13.812999999999999,10.977,10.328,10.146
378,220479565,05:03:23.11,-54:10:39.8,14.37,10.909,10.304,10.1
379,220518305,02:45:52.22,-64:19:14.47,10.720999999999998,9.788,9.559,9.45
380,224225541,23:32:14.9,-37:15:21.11,9.887,8.766,8.498,8.426
381,224245334,23:33:25.8,-41:10:17.47,12.205,10.982000000000001,10.759,10.677999999999999
382,224271611,23:37:57.56,-36:34:17.88,11.505,10.66,10.380999999999998,10.337
383,228381868,23:50:19.36,-17:04:39.34,12.815999999999999,11.439,11.125,11.024000000000001
384,229047362,13:01:26.34,-27:31:20.02,11.875,10.595999999999998,10.267999999999999,10.174
385,229091748,00:15:11.48,-46:16:20.74,13.359000000000002,12.092,11.787,11.744000000000002
386,229111835,01:09:55.51,-52:14:22.15,14.152000000000001,11.800999999999998,11.182,11.02
387,229141709,01:45:30.45,-51:17:48.55,12.26,11.205,10.982999999999999,10.894
388,229811538,13:14:32.55,-24:08:39.09,13.075,11.633,11.329,11.273
389,230982885,01:38:25.23,-55:46:19.2,10.57,9.407,9.07,9.03
390,231081369,04:32:17.71,-66:54:58.68,12.217,11.228,10.958,10.939
391,231663901,21:14:56.88,-55:52:18.71,13.043,11.753,11.465,11.401
392,231670397,21:19:47.93,-58:08:56.16,10.468,9.352,9.073,9.027999999999999
393,231702397,22:11:47.58,-58:56:45.91,15.526,11.530999999999999,11.02,10.770999999999999
394,231912935,00:29:16.32,-63:47:26.24,11.026,9.92,9.648,9.533999999999999
395,233964642,02:25:59.69,-63:38:51.39,9.965,9.071,8.847999999999999,8.736
396,234345288,02:35:32.95,-71:37:27.29,10.879000000000001,8.782,8.198,8.119
397,234519192,00:58:12.41,-64:45:41.55,8.49,7.638,7.4670000000000005,7.403
398,234523599,01:02:12.45,-61:45:22.08,16.437,12.605,11.972000000000001,11.727
399,234994474,23:20:06.86,-60:03:56.63,11.005,7.941,7.32,7.082000000000001
400,235037761,23:35:18.89,-64:33:42.9,11.082,8.638,8.024,7.862
401,237751146,06:57:19.68,04:01:43.31,16.54,12.618,11.985,11.695
402,237914496,03:44:41.99,-65:11:54.02,13.247,10.661,9.965,9.792
403,237924601,03:50:12.88,-63:03:14.11,12.458,10.834000000000001,10.389000000000001,10.270999999999999
404,237928815,03:51:59.96,-59:52:56.79,10.922,9.542,9.164,9.077
405,238004786,06:50:16.41,-53:00:19.81,11.727,9.802,9.352,9.227
406,238059180,06:56:33.21,-53:32:43.62,10.204,9.752,9.7,9.612001
407,238086647,06:59:50.16,-49:30:26.93,9.020000999999999,7.892,7.582000000000001,7.481
408,238176110,23:51:23.14,-70:09:10.3,11.98,10.275,9.838,9.712
409,238197709,03:49:03.79,-72:56:50.27,10.823,9.727,9.472000000000001,9.39
410,238932509,06:19:46.32,-53:13:36.14,13.367,11.722999999999999,11.302,11.168
411,243200602,13:32:25.44,-42:28:30.98,11.104000000000001,9.896,9.547,9.461
412,244161191,00:19:32.05,-05:54:41.62,16.45,11.171,10.618,10.324000000000002
413,248075138,12:51:55.49,-42:04:25.02,12.169,10.542,10.103,10.033
414,248111245,12:54:12.59,-46:35:15.78,12.782,11.831,11.651,11.55
415,250386181,02:00:27.48,-04:59:08.47,10.329,9.437000000000001,9.19,9.125
416,251848941,00:29:12.48,-30:27:14.82,11.955,9.372,8.761000000000001,8.656
417,253917293,22:30:00.2,-31:55:27.68,11.738,10.700999999999999,10.362,10.312000000000001
418,255685030,06:33:52.59,-52:27:37.06,11.195,9.967,9.622,9.541
419,255760319,06:38:51.51,-53:06:27.35,9.532,8.472999999999999,8.221,8.186
420,257567854,03:31:16.33,-23:49:11.25,11.99,10.634,10.392000000000001,10.318
421,257605131,04:11:51.93,-37:56:23.03,10.939,9.636000000000001,9.287,9.19
422,259377017,04:33:39.86,-51:57:26.62,12.603,9.099,8.531,8.251
423,259592689,04:51:54.55,-53:49:46.65,10.835,9.464,9.092,8.941
424,259701242,04:57:51.95,-53:49:04.61,8.732000000000001,7.683,7.4079999999999995,7.362
425,259962054,02:52:04.34,-67:41:13.26,15.017000000000001,10.56,10.052999999999999,9.722000000000001
426,260004324,06:04:21.6,-55:18:41.54,12.167,8.801,8.209,7.992999999999999
427,260043723,06:06:26.09,-58:57:13.33,9.209,8.237001,8.002,7.955
428,260304296,06:18:27.73,-57:00:48.6,9.486,8.705,8.523,8.456
429,260304800,06:18:08.51,-57:33:31.42,13.495999999999999,12.003,11.648,11.55
430,260609205,06:29:48.94,-57:15:17.34,13.292,12.085999999999999,11.867,11.827
431,260708537,06:33:49.17,-58:31:30.11,11.62,7.898,7.312,7.03
432,261136679,05:37:11.83,-80:27:52.57,5.65,4.869,4.4239999999999995,4.2410000000000005
433,262530407,01:21:45.22,-46:42:53,11.402999999999999,8.168,7.5360000000000005,7.294
434,262530780,01:22:11.34,-44:51:43.73,13.775,12.177,11.685,11.642000000000001
435,262530873,01:21:58.57,-44:25:00.29,13.042,12.007,11.762,11.757
436,262746281,09:24:25.89,05:45:57.8,10.312000000000001,9.207,8.86,8.844
437,263003176,00:50:11.23,-83:44:37.56,7.94,6.949,6.672999999999999,6.605
438,264979636,07:42:52.03,08:52:00.86,10.905,9.593,9.296,9.211
439,265612438,22:12:41.93,-55:58:43.69,12.342,11.040999999999999,10.709000000000001,10.61
440,266980320,23:18:14.22,-56:54:14.35,9.809,8.557,8.254,8.158
441,267263253,00:29:18.94,-76:18:14.52,9.595,8.825,8.651,8.595
442,268644785,07:49:39.59,-52:07:13.61,11.39,10.205,9.919,9.854
443,268766053,02:07:38.2,-20:39:42.63,12.591,10.959000000000001,10.474,10.39
444,270341214,02:13:50.12,-80:34:57.76,9.32,8.454001,8.231,8.242
445,270380593,02:11:07.7,02:25:05.5,11.559000000000001,9.906,9.472999999999999,9.339
446,270468559,09:01:22.65,06:05:49.5,12.125,10.96,10.677,10.626
447,270507305,06:35:34.38,-79:42:56.71,12.378,10.74,10.401,10.275
448,271168962,14:00:46.46,-30:35:00.99,10.068,8.895000999999999,8.652999999999999,8.573
449,271596225,07:14:15.14,-74:36:11.14,13.689,10.408,9.781,9.557
450,271893367,07:31:51.7,-73:36:21.73,11.39,10.324000000000002,10.045,9.94
451,271900960,07:31:46.06,-75:31:39.19,8.69,7.845,7.68,7.6
452,271971130,07:35:24.56,-73:34:38.67,16.683,11.808,11.264000000000001,10.917
453,272086159,07:40:00.83,-72:12:20.44,16.39,11.765,11.265,10.999
454,274138511,07:46:44.88,06:26:44.05,11.054,9.683,9.264,9.187999999999999
455,275248683,09:51:52.93,02:06:59.93,13.755999999999998,9.952,9.332,9.097000000000001
456,276128561,14:56:50.01,-37:02:34.74,10.955,9.81,9.472000000000001,9.363999999999999
457,277103955,05:37:01.05,-66:47:27.07,10.338,8.373,7.87,7.754
458,277634430,10:56:27.33,-72:59:06.63,14.888,10.507,9.955,9.664
459,277683130,21:55:42.24,-61:40:23.73,10.221,8.95,8.655,8.61
460,278683844,06:36:57.22,-58:00:58.15,10.07,8.539,8.125,8.032
461,278866211,06:43:13.87,-55:14:39.76,10.741,9.709,9.427,9.346
462,278895705,06:43:52.89,-55:38:20.4,10.620999999999999,9.782,9.571,9.521
463,279251651,06:56:36.95,-59:10:52.71,12.411,9.334,8.69,8.47
464,279425357,06:59:57.84,-57:37:07.23,12.259,10.987,10.69,10.606
465,279740441,03:26:01.07,-64:32:53.19,12.569,10.436,9.844,9.674
466,279741379,03:27:00.05,-63:30:00.6,8.08,6.081,5.524,5.375
467,280095254,03:04:47.5,-73:23:46.95,9.863999999999999,8.699,8.451,8.453
468,280206394,09:36:28.65,-50:27:47.14,9.822000000000001,8.722000000000001,8.47,8.429
469,280830734,02:58:13.34,-70:45:38.83,9.978,8.951,8.707,8.708
470,281408474,06:37:03.13,01:46:03.18,10.112,9.17,8.895000999999999,8.811
471,281459670,00:22:28.45,-59:56:33.32,12.283,11.129000000000001,10.825999999999999,10.793
472,281575427,00:31:54.11,-56:57:54.29,9.921,8.968,8.84,8.741
473,281731203,10:52:07.75,00:29:35.4,10.612,9.337,8.92,8.89
474,281781375,00:51:54.24,-59:20:37.13,9.818999999999999,8.601,8.256,8.171
475,281924357,08:39:01.65,-74:45:47.21,11.647,10.241,9.942,9.867
476,281979481,08:42:01.29,-75:48:06.73,11.214,9.747,9.329001,9.228
477,284738182,07:23:31.64,-37:50:07.69,10.574000000000002,9.812000000000001,9.591000000000001,9.503
478,286132427,09:46:53.89,-04:17:53.66,8.69,7.511,7.2170000000000005,7.18
479,286864983,12:40:45.94,-21:52:22.01,11.565999999999999,10.118,9.701,9.587
480,286865921,12:40:36.47,-19:17:03.67,12.312000000000001,10.804,10.470999999999998,10.392999999999999
481,287329267,07:19:08.05,-59:18:07.35,10.523,9.413,9.149,9.084
482,287474726,08:28:30.73,-28:21:33.31,9.422,9.329001,9.318999999999999,9.325
483,289535142,08:46:05.98,-13:12:10.33,13.023,12.065999999999999,11.890999999999998,11.825999999999999
484,290131778,21:18:47.9,-26:36:58.95,8.324,7.232,7.047999999999999,6.959
485,293853437,06:23:18.7,00:53:00.05,8.737001,8.54,8.607000000000001,8.533
486,294090620,08:41:35.02,-22:11:39.47,7.8,7.763999999999999,7.83,7.781000000000001
487,294301883,13:35:01.97,-17:30:12.59,11.753,10.775,10.443,10.395999999999999
488,294395926,07:17:19.38,-55:35:52.54,11.604000000000001,10.264000000000001,9.905,9.845
489,294780517,04:44:58.98,-67:58:51.78,12.489,10.925,10.495999999999999,10.390999999999998
490,296739893,09:28:41.63,-12:10:01.79,12.262,8.837,8.201,7.954
491,299945285,07:06:39.58,-71:26:48.58,10.297,9.526,9.332,9.294
492,300013921,07:08:32.15,-68:22:07.6,11.448,10.152999999999999,9.738,9.666
493,300293197,07:21:07.13,-68:34:42.12,10.129,8.894,8.56,8.517999999999999
494,300710077,07:41:04.85,-71:18:13.55,14.23,10.507,9.954001,9.704001
495,300871545,07:50:37.78,-70:32:00.46,10.405,9.587,9.341000000000001,9.311
496,304042899,10:59:11.99,-59:14:02.29,9.873,9.14,8.957,8.88
497,305048087,23:32:58.45,-29:24:59.35,16.37,11.74,11.19,10.895999999999999
498,305048116,23:32:57.21,-28:19:11.33,13.16,11.927,11.622,11.526
499,306362738,06:04:21.53,-16:57:55.4,11.352,10.146,9.812000000000001,9.749
500,306472057,07:53:44.34,-69:42:06.25,11.093,10.269,10.061,9.992
501,306996324,11:54:18.72,-37:33:12.08,11.536,8.482999999999999,7.877000000000001,7.615
502,307210830,08:18:07.89,-68:18:52.08,11.685,7.933,7.359,7.101
503,307610438,15:16:08.02,-38:52:31.48,9.423,8.152000000000001,7.845,7.7139999999999995
504,308050066,10:21:44.64,-17:13:27.71,10.238,9.613,9.458,9.395000999999999
505,308994098,08:13:35.47,-64:05:27.24,9.387,8.599,8.431000000000001,8.386000000000001
506,309257814,08:17:04.66,-63:12:48.25,12.145,10.745,10.334000000000001,10.187000000000001
507,309402106,08:18:59.69,-65:16:41.12,8.749,8.163,8.015,7.994
508,309791156,05:20:13.17,-62:38:46.27,11.812000000000001,10.103,9.651,9.511000000000001
509,309792357,05:20:25.41,-59:53:43.56,10.700999999999999,9.329001,8.952,8.814
510,310009611,10:08:28.33,-50:18:27.01,10.09,8.999,8.635,8.613999999999999
511,311183180,03:40:07.67,05:52:28.63,10.0,8.138,7.672000000000001,7.525
512,314865962,03:33:07.58,-72:44:38.58,11.092,9.713,9.352,9.282
513,315002523,09:39:42.45,-28:35:08.16,13.005999999999998,11.839,11.51,11.435
514,316769613,23:38:40.39,-32:51:38.68,11.982000000000001,10.329,9.878,9.751
515,316916655,04:57:53.47,-13:42:13.35,9.529,8.83,8.658999999999999,8.618
516,316937670,23:45:58.19,-56:20:38.57,13.82,10.709000000000001,10.062999999999999,9.844
517,317548889,05:53:30.83,-16:15:55.43,7.28,6.316,6.071000000000001,6.01
518,318937509,07:29:31.57,02:50:52.63,17.2,12.362,11.767000000000001,11.491
519,320417762,07:52:01.01,10:14:57.44,9.020000999999999,8.927,8.982999999999999,8.978
520,321982642,00:12:14.69,-47:21:19.52,13.575999999999999,12.202,11.855,11.757
521,322063810,00:57:16.44,-51:35:06.9,10.77,8.161,7.541,7.337999999999999
522,322307342,01:00:01.46,-58:54:17.01,12.312000000000001,11.25,10.985,10.949000000000002
523,325680697,02:27:24.86,-12:02:20.15,9.581,8.588,8.325,8.264
524,327952677,23:56:22.05,-13:16:17.9,12.798,11.522,11.186,11.137
525,328350926,03:07:43.61,00:51:39.32,8.918,7.64,7.367999999999999,7.224
526,334305570,12:12:28.5,-49:00:27.86,9.839,8.873,8.69,8.604
527,335499997,11:56:39.26,-12:22:39.07,9.53,8.41,8.145000999999999,8.045
528,335630746,13:17:20.12,-15:16:25.34,9.109,8.246,8.09,8.055
529,336732616,20:49:49.8,-24:25:43.3,12.433,10.98,10.719000000000001,10.694
530,339636032,07:20:46.63,-55:22:46.31,9.014,8.112001,7.9239999999999995,7.832999999999999
531,339672028,07:22:03.04,-57:23:05.99,9.972000000000001,8.803001,8.482000000000001,8.443
532,339733013,07:23:24.43,-58:41:48.26,10.615,9.512,9.256,9.197000000000001
533,339857675,07:26:24.26,-54:27:07.44,10.347999999999999,9.491,9.291,9.246
534,339961200,07:30:13.26,-58:32:22.78,10.387,9.074,8.684,8.621
535,344926234,10:06:13.81,03:56:47.38,9.663,8.564,8.316,8.208
536,348538431,08:06:31.1,-15:45:52.88,16.3,11.649000000000001,11.088,10.837
537,348755723,08:56:21.14,-12:56:05.54,16.677,12.245,11.645999999999999,11.412
538,348770361,03:06:44.77,-82:18:58.93,12.492,10.837,10.56,10.517000000000001
539,349373192,07:21:02.65,-60:09:19.71,9.834,9.615,9.583,9.542
540,349518800,07:24:50.81,-62:05:32.75,13.376,12.107000000000001,11.860999999999999,11.737
541,350332997,05:36:19.59,-54:11:28.32,12.4,11.068,10.735,10.636
542,350445771,05:41:52.18,-56:44:25.64,11.165,10.587,10.453,10.294
543,350584963,05:48:27.85,-56:00:14.83,9.925,9.062999999999999,8.855,8.794
544,350618622,05:49:36.43,-54:54:37.52,9.07,8.103,7.922999999999999,7.846
545,350743714,05:55:32.69,-57:17:26.66,10.029,9.021,8.842,8.692
546,355637190,23:52:37.09,-54:28:08.18,11.514000000000001,10.45,10.15,10.044
547,359271092,09:21:35.85,-60:16:52.21,9.49,6.442,5.792999999999999,5.587000000000001
548,362249359,09:42:34.91,-62:28:33.19,11.724,8.972000000000001,8.35,8.146
549,363914762,05:56:56.56,-49:00:25.02,11.190999999999999,10.537,10.357999999999999,10.280999999999999
550,365639282,05:25:35.76,08:26:25.8,14.937000000000001,11.735,11.138,10.946
551,365690646,05:26:10.38,06:54:44.31,10.467,9.662,9.520000999999999,9.459
552,365781372,05:27:41.66,07:55:06.69,10.219,9.628,9.587,9.513
553,369457671,20:46:34.46,-37:54:15.83,12.475,10.552999999999999,10.04,9.934
554,373424049,09:20:13.63,-53:07:10.86,8.758,8.448,8.434,8.381
555,373844472,05:26:04,-67:13:57.98,11.915,10.182,9.752,9.567
556,374829238,05:53:20.95,-65:38:00.6,13.344000000000001,10.219,9.592,9.363
557,375059587,06:40:25.01,-63:20:20.79,10.349,9.302,9.006,8.93
558,377064495,09:52:44.44,06:12:57.97,10.252,8.879,8.504,8.394
559,379929661,08:42:01.35,03:42:38.04,9.774,9.373,9.293,9.28
560,380886535,01:17:50.67,00:20:49.09,12.123,11.165,10.879000000000001,10.852
561,382188882,05:25:24.74,-55:01:11.73,11.073,10.158999999999999,9.94,9.857000000000001
562,382302241,05:33:23.79,-58:44:42.33,11.794,10.277000000000001,9.836,9.749
563,382391899,02:54:45.14,-10:53:52.89,11.44,10.401,10.041,9.969
564,382626661,07:54:16.63,-65:26:29.34,10.41,9.001,8.554,8.517000000000001
565,386435344,08:31:58.87,-16:53:06.43,9.22,8.288,8.067,8.036
566,387690507,06:53:39.08,12:52:53.68,15.402999999999999,12.112,11.468,11.238
567,388104525,03:43:44.07,-65:11:37.61,12.314,10.924000000000001,10.612,10.545
568,388106759,04:11:24.96,-69:28:29.56,11.21,9.892000000000001,9.538,9.491
569,389525208,20:53:02.75,-38:35:41.72,10.493,9.539,9.264,9.193
570,389753172,23:25:09.78,-47:56:44.14,13.93,11.597999999999999,10.977,10.837
571,391821647,05:31:03.57,-70:21:25.84,11.331,10.263,10.027000000000001,9.958
572,391904697,07:05:54.52,-72:33:31.55,12.280999999999999,10.732999999999999,10.341,10.249
573,391949880,05:18:05.03,-80:57:51.78,8.44,7.311,7.018,6.932
574,393414358,06:17:20.73,-38:19:24.18,11.155,9.818,9.463,9.392999999999999
575,393940766,22:33:16.99,-38:09:35.38,12.398,11.213,10.897,10.880999999999998
576,394137592,00:17:47.32,-66:21:32.14,7.79,6.442,6.09,5.9879999999999995
577,394657039,03:27:07.74,-78:32:59.39,11.020999999999999,10.038,9.835,9.758
578,394698182,03:39:57.5,-83:05:18.66,12.557,11.386,11.103,11.029000000000002
579,396720998,04:22:37.29,-54:08:49.84,14.308,14.089,13.796,13.842
580,398733009,02:08:40.75,-09:02:45.76,15.636,15.498,15.425,15.418
581,398943781,12:42:28.51,-30:38:23.34,11.632,10.096,9.752,9.677
582,399870368,04:58:12.56,09:59:52.73,9.47,9.068,9.023,8.963
583,402026209,23:34:15.1,-42:03:42.41,12.482999999999999,11.179,10.842,10.745999999999999
584,402319411,23:34:09.66,-14:51:36.14,13.809000000000001,12.280999999999999,11.898,11.780999999999999
585,403136413,22:14:18.89,-55:22:44.33,11.878,10.66,10.392000000000001,10.339
586,403224672,22:35:56.09,-59:51:53.38,7.95,6.806,6.501,6.419
587,403287048,22:09:25.8,-62:20:04.03,11.948,10.770999999999999,10.534,10.505
588,404340025,13:03:18.76,-49:38:23.18,11.210999999999999,10.12,9.889,9.795
589,405454160,09:32:58.36,-17:20:36.51,11.144,9.796,9.414,9.344
590,405700729,12:48:13.76,-56:53:39.55,11.489,10.173,9.843,9.719
591,407966340,04:02:59.6,09:12:27.96,6.911339999999999,5.945,5.766,5.706
592,408159788,05:13:47.45,07:03:21.03,11.314,9.941,9.587,9.541
593,408310006,09:39:30.03,-20:58:56.71,9.351,8.35,8.135,8.032
594,410094645,08:53:02.14,-22:11:53.32,13.026,11.77,11.564,11.45
595,410153553,22:41:59.09,-69:10:19.59,15.24,10.046,9.477,9.145000999999999
596,410214986,23:39:39.71,-69:11:45.75,8.17,7.122000000000001,6.7589999999999995,6.676
597,410245915,08:55:51.57,-20:16:29.21,10.835,9.693,9.464,9.4
598,410450228,07:51:34.79,-60:24:44.6,10.885,10.33,10.212,10.161
599,413248763,09:36:01.79,-21:39:54.23,10.91,7.337000000000001,6.74,6.475
600,413376180,11:46:57.32,-22:33:46.84,13.565,11.905999999999999,11.475,11.386
601,415969908,22:54:50.07,-18:54:44.8,13.342,9.943,9.33,9.091000000000001
602,420049884,02:25:06.35,01:19:24.78,11.658,10.023,9.699,9.629
603,422655579,01:57:03.23,00:45:31.77,10.56,9.636000000000001,9.416,9.32
604,423275733,09:22:01.52,-23:56:45.97,12.870999999999999,11.725999999999999,11.484000000000002,11.442
605,423670610,00:39:03.82,-17:13:18.5,11.995,10.748,10.397,10.37
606,425206121,07:26:02.29,07:36:56.79,9.857000000000001,9.343,9.237001,9.196
607,425934411,00:18:25.41,-62:50:52.35,16.641,13.356,12.731,12.546
608,425997655,03:41:50.17,-62:46:02.16,9.73,7.865,7.347,7.207000000000001
609,427348923,05:34:07.65,-00:12:27.94,12.635,10.765999999999998,10.290999999999999,10.097000000000001
610,427352241,05:34:29.52,-04:24:54.16,10.594000000000001,9.447000000000001,9.151,9.062000000000001
611,429304876,11:11:32.5,-22:04:22.01,9.969,8.521,8.201,8.1
612,429358906,12:15:40.89,-18:54:37.22,14.83,10.675,10.107999999999999,9.86
613,431999925,08:03:09.59,-20:00:36.33,17.45,13.144,12.549000000000001,12.359000000000002
614,432008938,08:02:46.54,-23:41:48.22,16.43,12.129000000000001,11.56,11.345
615,434105231,23:37:20.59,-13:27:20.86,14.338,11.698,11.023,10.899000000000001
616,437242640,11:01:35.85,-23:51:39.4,10.285,9.172,8.842,8.792
617,437248515,11:17:45.33,-19:03:17.2,11.658,10.912,10.709000000000001,10.65
618,437333618,13:51:37.84,-23:46:52.47,13.172,11.788,11.487,11.415999999999999
619,438490744,06:41:01.43,16:35:19.66,17.42,12.412,11.874,11.620999999999999
620,439456714,01:16:18.41,-20:57:11.8,13.632,10.402999999999999,9.767000000000001,9.557
621,440777904,07:15:18.03,14:15:45.38,11.762,10.797,10.589,10.543
622,440887364,15:00:19.17,-24:27:15.13,9.92,7.58,6.983,6.803999999999999
623,441075486,23:59:02.18,-15:36:43.28,12.754000000000001,11.372,10.992,10.96
624,444842193,09:51:01.78,-55:19:05.88,11.030999999999999,9.957,9.612001,9.53
625,445822015,09:48:01.34,-48:19:14.7,11.652000000000001,9.815,9.392999999999999,9.242
626,451645081,11:28:37.35,-54:47:03.2,11.199000000000002,8.972999999999999,8.378,8.274
627,452808876,04:50:38.54,01:53:37.81,10.073,9.046,8.868,8.759
628,452866790,08:02:22.47,03:20:13.79,13.74,9.627,9.062999999999999,8.829001
629,453211454,07:51:41.91,09:23:06.87,8.58,7.303999999999999,6.9639999999999995,6.881
630,455096220,08:13:00.17,04:47:13.3,12.389000000000001,11.357999999999999,11.072000000000001,11.03
631,455135327,08:15:47.96,05:50:12.72,10.352,9.442,9.22,9.151
632,458589703,08:17:05.98,08:14:55.75,12.004000000000001,10.329,9.783,9.681000000000001
633,459942762,04:01:06.83,04:32:27.13,8.770000999999999,7.728,7.441,7.42
634,460205581,10:28:08.95,-64:30:18.76,10.635,9.392000000000001,9.107999999999999,8.933
635,460984940,10:37:21.89,-63:39:20.49,9.412,8.071,7.728,7.64
636,461271719,13:32:39.99,-38:50:45.41,9.009,8.493,8.38,8.367
637,468880077,03:46:01.13,09:59:25.08,10.236,8.687999999999999,8.305,8.207
638,468987719,08:35:42.17,10:12:23.71,13.279000000000002,12.145999999999999,11.809000000000001,11.764000000000001
0,5109298,07:10:23.54,-05:25:57.65,10.584000000000001,10.502,10.513,10.469000000000001
1,5772442,07:27:03.95,-07:07:46.91,10.715,9.701,9.401,9.342
2,7561203,07:37:23.08,-11:09:04.69,10.058,9.988,10.006,9.988999999999999
3,11111899,20:15:17.96,36:39:06.5,9.846,9.347999999999999,9.202,9.187000000000001
4,13499636,21:20:48.46,28:03:20.98,11.234000000000002,9.921,9.553001,9.484
5,13684720,20:22:09.18,36:03:53.22,15.6,10.805,10.217,9.949
6,14165625,05:12:08.93,-37:42:30.53,12.512,10.325,9.773,9.612001
7,15247229,20:26:55.4,38:55:56.17,10.02,9.662,9.645000999999999,9.631
8,15565627,20:28:04,39:52:37.67,10.73,9.804,9.586,9.575
9,16288184,16:55:04.52,-28:42:38.1,11.602,10.508,10.267999999999999,10.217
10,16740101,20:31:26.38,39:56:20.1,7.55,7.457999999999999,7.492000000000001,7.482
11,20318757,11:08:31.99,-29:39:11.29,11.308,9.187999999999999,8.548,8.432
12,23434737,11:12:54.42,-34:24:24.97,8.59,7.4110000000000005,7.102,6.997000000000001
13,25799609,07:56:35.83,-00:46:22.26,10.997,10.058,9.775,9.689
14,26880783,19:33:46.46,53:27:52.3,9.24,9.024,9.005,8.982000000000001
15,28230919,19:50:50.44,48:04:54.71,9.46,7.608,7.131,7.0089999999999995
16,29960110,02:48:59.45,-14:32:14.22,12.26,9.527999999999999,8.876,8.646
17,30037565,04:54:10.06,-70:22:44.79,10.048,9.126,8.85,8.786
18,30329585,19:16:57.29,31:19:24.87,10.645,9.61,9.396,9.314
19,31553893,19:15:38.83,-31:47:26.93,10.09,8.706,8.398,8.312000000000001
20,31858843,19:17:55.01,-32:51:36.45,11.03,9.799,9.457,9.362001
21,32497972,05:36:26.24,-24:14:40,13.175,10.334000000000001,9.687999999999999,9.508
22,33091633,06:59:30.22,-04:48:43.81,10.562999999999999,9.692,9.553001,9.44
23,33690636,06:12:29.35,-16:47:31.35,12.088,10.003,9.443,9.295
24,33878688,04:24:53.27,-73:20:00.66,12.408,10.414000000000001,9.954001,9.855
25,34077285,06:16:39.47,-13:59:14.41,10.104,8.463,7.997000000000001,7.954
26,37084932,06:32:29.71,-03:32:41.43,9.549,9.365,9.329001,9.304
27,41330864,20:06:50.51,38:25:51.68,11.017999999999999,9.822000000000001,9.577,9.517000000000001
28,42755801,06:27:10.54,-04:46:48.36,9.113999999999999,8.932,8.851,8.815
29,43064903,20:10:40.59,40:40:07.06,15.48,10.795,10.216000000000001,9.941
30,44792534,04:07:45.85,-25:12:31.69,10.343,9.18,8.891,8.779
31,44797824,04:09:49.04,-26:01:19.53,10.559000000000001,9.165,8.719,8.604
32,47384844,10:51:51.58,-05:47:19.35,9.19,8.17,7.917000000000001,7.834
33,48188920,18:49:40.99,48:05:56.19,10.074,9.092,8.916,8.877
34,50309953,02:00:47.64,-77:36:37.35,10.402000000000001,9.187999999999999,8.791,8.661
35,50312495,02:04:42.94,-73:07:36.33,10.470999999999998,9.263,8.916,8.874
36,50365310,07:29:25.85,-12:41:45.46,9.602,9.443,9.503,9.441
37,52548453,06:43:42.17,-30:29:31.08,10.727,9.707,9.474,9.417
38,54044474,10:39:33.05,-32:30:42.77,9.964,9.252,9.123,9.052
39,54390047,07:53:16.69,-14:13:07.76,9.828,9.506,9.474,9.418
40,64553698,22:33:48.71,57:33:48.74,10.645,9.64,9.397,9.353
41,65212867,07:31:00.57,-04:27:48.09,9.374,8.426,8.257,8.193
42,66445643,22:45:32.71,48:09:41.6,8.68,8.488,8.531,8.51
43,66561343,05:46:57.17,-11:14:07.22,11.43,10.455,10.187999999999999,10.106
44,66783360,22:47:53.02,49:55:05.06,10.591,9.722000000000001,9.544,9.48
45,66818296,15:59:50.94,-28:03:42.46,11.588,10.509,10.319,10.224
46,67772767,04:15:08.84,-07:18:56.69,11.345999999999998,10.401,10.197000000000001,10.119
47,69068526,19:26:49.85,17:48:31.45,10.922,9.734,9.551,9.557
48,69679391,19:38:38.74,31:13:09.12,7.59,7.4239999999999995,7.446000000000001,7.415
49,69747919,22:26:18.27,-18:00:41.99,8.24,7.202000000000001,6.974,6.8870000000000005
50,69997672,19:39:17.78,31:57:28.93,9.56,8.556000000000001,8.361,8.311
51,73038411,08:00:48.99,-02:00:39.01,10.585,9.892000000000001,9.649,9.593
52,79748331,19:44:00.94,-47:33:43.31,10.937999999999999,9.097000000000001,8.628,8.467
53,80166433,19:53:09.05,-46:22:11.97,8.181000000000001,7.837999999999999,7.801,7.771
54,83210867,19:49:50.26,34:49:46.8,10.527000000000001,9.357999999999999,9.066,8.998
55,88684250,08:07:39.25,-05:46:12.28,10.195,9.942,9.927,9.886000000000001
56,88863718,08:10:19.31,-05:30:49.87,9.769,9.115,8.978,8.878
57,89643259,20:05:38.61,33:02:57.14,10.568,10.036,9.937000000000001,9.892999999999999
58,89759617,20:06:15.52,35:35:18.22,10.645999999999999,10.134,10.091000000000001,10.061
59,90448944,08:33:12.56,-52:42:51.13,10.017000000000001,8.97,8.707,8.591000000000001
60,90504905,19:22:17.34,26:19:10.18,16.27,12.174000000000001,11.565999999999999,11.328
61,90544017,08:33:49.11,-49:56:25.25,8.812999999999999,8.493,8.472000000000001,8.45
62,91576611,18:56:37.91,-29:23:54.08,9.113999999999999,8.4,8.316,8.232999999999999
63,92013169,05:56:39.66,14:47:08.07,10.068999999999999,9.298,9.156,9.072000000000001
64,92677094,19:33:04.4,15:44:10.09,11.079,9.82,9.592,9.517000000000001
65,92783821,20:12:04.16,35:31:28.66,10.527000000000001,9.81,9.765,9.698
66,92880568,05:32:51.8,-19:34:30.26,11.434000000000001,10.379000000000001,10.106,10.031
67,93594834,07:37:40.99,-07:20:12.26,10.925999999999998,9.602,9.251,9.158999999999999
68,93963408,07:40:11.12,-09:05:03.37,10.09,9.957,9.994,9.96
69,99869022,11:07:31.36,61:21:09.26,11.093,9.83,9.542,9.466000000000001
70,100921768,03:37:14.09,-44:28:19.22,8.55,7.691,7.546,7.426
71,101230735,19:57:09.84,-48:56:04.11,10.342,9.102,8.789,8.735
72,101929303,19:57:05.73,35:59:18.09,10.568,10.001,9.934,9.862001
73,102283403,05:56:37.1,10:33:06.33,9.48,8.684,8.472000000000001,8.408999999999999
74,103633434,10:08:52.38,69:16:35.83,11.495,8.711,8.074,7.893
75,108835813,07:30:28.01,-26:04:50.46,10.054,10.007,10.033,9.996
76,110428269,19:25:51.14,25:11:21.97,8.98,8.679,8.699,8.658999999999999
77,113553629,07:33:41.77,-30:59:45.79,10.602,9.684,9.496,9.422
78,114018671,07:35:56.34,-32:50:31.2,8.94,7.593999999999999,7.247000000000001,7.109
79,116483514,15:31:47.05,47:03:19.98,10.51,7.997999999999999,7.372000000000001,7.25
80,116483734,15:32:15.8,47:51:38.69,12.343,9.908999999999999,9.277999999999999,9.152000000000001
81,119700084,22:13:00.76,37:37:39.27,10.849,9.415,9.059,8.96
82,120247528,18:40:44.2,-58:27:33.8,12.219000000000001,10.912,10.562000000000001,10.526
83,120269103,06:46:46.53,-06:08:41.2,8.34,8.097999999999999,8.079001,8.035
84,120602501,22:30:44.84,40:00:13.55,9.112001,7.859,7.55,7.485
85,120757718,19:04:09.81,36:37:57.13,11.424000000000001,10.294,9.887,9.818999999999999
86,120960812,19:06:33.21,39:29:16.45,10.769,9.764,9.532,9.493
87,122220263,19:20:05.03,36:38:15.99,9.546,8.533999999999999,8.307,8.275
88,123846039,06:53:28.57,-06:30:28.21,9.957,8.749,8.437000000000001,8.37
89,123958679,06:54:42.86,-07:07:52.74,11.924000000000001,11.237,11.204,11.171
90,124543547,06:57:55.37,-09:55:29.46,10.827,9.829001,9.503,9.432
91,125442121,23:26:19.13,38:33:10.58,11.284,10.575,10.436,10.398
92,127476180,07:48:27.17,-28:12:17.38,10.605,9.869,9.672,9.596
93,128501004,22:36:08.02,37:50:27.75,10.298,9.146,8.824,8.751
94,128790976,20:00:51.1,-43:58:57.1,7.66,6.794,6.629,6.532
95,129319156,15:15:22.33,-52:53:09.56,10.662,10.133,10.106,10.056000000000001
96,129539786,22:55:48.87,39:38:42.42,9.713,8.732000000000001,8.496,8.465
97,136274063,15:21:59.72,-53:49:10.56,10.286,9.531,9.382,9.363999999999999
98,136971594,21:11:51.87,43:35:34.26,9.783999999999999,8.445,8.15,8.081
99,137284119,21:12:56.44,46:16:05.13,9.35,8.867,8.799,8.777000000000001
100,138361973,19:35:03.6,37:32:18.92,10.27,9.232999999999999,8.959,8.902000000000001
101,138588540,11:45:31.34,65:32:28.73,8.78,7.352,6.979,6.896
102,138968089,19:40:24.26,40:59:12.2,11.899000000000001,11.071,10.722999999999999,10.655
103,140760434,04:56:31.29,-74:55:13.2,11.321,10.152000000000001,9.898,9.783999999999999
104,140830390,05:02:30.55,-72:54:50.39,12.388,10.98,10.632,10.600999999999999
105,141527965,05:50:51.56,-75:41:18.83,12.75,10.436,9.811,9.655
106,142276270,12:48:44.38,64:51:18.99,9.533999999999999,8.363,8.088,8.033999999999999
107,142394656,13:13:33.26,62:18:19.37,10.92,9.4,9.033999999999999,8.911
108,142918609,07:57:23.99,-19:30:57.65,10.097000000000001,9.484,9.401,9.354
109,143257766,19:33:33.43,-45:53:33.6,10.562000000000001,10.049,9.958,9.929
110,143994283,07:57:12.18,-42:59:56.94,10.898,10.035,9.851,9.751
111,146172354,10:31:28.11,-42:14:25.61,10.972999999999999,9.687000000000001,9.374,9.291
112,146434840,05:01:26.6,-22:22:55.69,9.987001,8.95,8.673,8.64
113,146438872,05:02:07.62,-22:42:42.71,10.952,9.954001,9.725,9.669
114,146467675,05:04:19.64,-20:43:52.83,10.198,9.158,8.912,8.85
115,146520535,05:06:35.91,-20:14:44.21,11.982000000000001,10.231,9.747,9.639
116,146589986,10:36:53.16,-42:32:29.9,9.762,9.372,9.395000999999999,9.366
117,147576037,09:37:21.93,68:27:31.34,10.167,9.025,8.738999999999999,8.709
118,147950620,11:11:17.16,69:57:53.19,11.302,9.791,9.42,9.34
119,148782377,14:36:08.89,42:22:42.45,8.86,7.909,7.739,7.71
120,148914726,12:28:13.42,67:14:24.15,10.879000000000001,9.317,8.789,8.678001
121,149601557,05:49:07.82,-60:29:54.4,10.508,9.476,9.269,9.183
122,150167117,06:13:39.26,-62:13:11,11.284,10.558,10.235,10.193
123,150428703,06:28:39.91,-64:35:47.16,12.401,11.109000000000002,10.770999999999999,10.677
124,150430484,06:28:34.56,-61:09:01.17,12.870999999999999,11.142999999999999,10.619000000000002,10.539000000000001
125,153949511,11:30:59.47,66:47:47.51,10.366,9.14,8.783999999999999,8.725
126,153951307,13:25:31.76,68:50:09.84,12.796,10.039,9.347999999999999,9.184
127,153976959,13:34:09.11,67:37:16.43,10.630999999999998,9.229,8.776,8.714
128,154089169,13:56:52.12,68:37:05.56,10.964,9.467,9.031,8.964
129,154383539,14:22:24.52,55:20:03.33,12.005999999999998,10.29,9.821,9.719
130,154716798,10:32:02.71,84:01:49.36,11.628,9.987001,9.556000000000001,9.49
131,154840461,12:10:45.97,85:42:18.28,8.773,7.965,7.797999999999999,7.7379999999999995
132,154872375,12:53:35.13,85:07:46.18,9.54,8.458,8.265,8.192
133,155005217,23:00:58.52,42:32:57.54,10.593,10.177,10.185,10.175
134,155114483,23:02:59.63,44:33:53.45,9.389,8.985,8.975,8.919
135,156115721,08:17:26.22,-27:16:24.68,9.9,8.322000000000001,8.023,8.011000000000001
136,158002130,14:18:13.39,82:11:37.55,11.017000000000001,9.237001,8.716000000000001,8.594
137,158025009,14:27:41.64,41:57:10.75,9.91,8.266,7.815,7.707999999999999
138,158276040,19:06:12.01,44:04:50.88,10.935,9.977,9.758,9.702
139,158561566,19:10:50.12,47:19:58.98,12.003,11.202,11.068,10.988
140,159107668,19:18:57.54,44:38:50.45,11.713,10.542,10.257,10.213
141,159510109,16:30:08.33,80:18:27.96,9.329001,8.288,8.017999999999999,7.935
142,160222069,01:52:18.74,-43:02:51.41,10.981,10.11,9.788,9.757
143,160268701,12:10:09.28,77:21:08.15,9.077,8.119,7.874,7.829
144,160708862,15:09:04.88,-42:42:17.88,9.946,9.775,9.735,9.703
145,161032923,18:25:28.4,-52:12:52.46,15.349,11.044,10.467,10.17
146,162130054,22:04:28.25,31:01:07.56,10.357000000000001,9.537,9.355,9.29
147,163539739,21:21:54.83,35:38:55.05,13.502,10.600999999999999,9.939,9.735
148,164150539,22:23:00.86,30:34:21.81,10.843,9.648,9.312000000000001,9.236
149,164173105,22:23:18.07,35:02:05.71,8.795,8.138,8.043,7.9910000000000005
150,165523947,21:07:15.33,40:10:01.82,10.697000000000001,9.696,9.621,9.533999999999999
151,167098530,21:14:30.51,40:01:01.26,10.104,8.579001,8.204001,8.107000000000001
152,167714792,05:21:49.28,-36:40:25.65,11.513,10.697000000000001,10.554,10.482999999999999
153,174599051,07:38:47.76,-39:08:07.87,11.384,9.735,9.276,9.199
154,175310067,07:44:26.59,-36:05:53.83,11.052999999999999,10.179,10.019,9.964
155,175532955,03:03:37.72,-39:55:50.79,12.489,10.436,9.846,9.716000000000001
156,176899385,23:39:05.78,42:27:57.55,10.469000000000001,9.558,9.44,9.312999999999999
157,177115354,06:55:01.16,-69:52:01.67,12.118,10.884,10.517999999999999,10.472999999999999
158,177126182,07:05:37.22,-11:58:47.48,10.581,10.031,9.998,9.937999999999999
159,177162886,06:57:58.19,-71:31:23.18,12.245999999999999,10.927999999999999,10.599,10.51
160,177722855,07:09:41.15,-11:19:43.96,11.168,9.828,9.531,9.436
161,178367144,08:13:34.14,-01:58:58.03,10.655,10.113999999999999,9.855,9.812000000000001
162,179155220,07:16:25.66,-08:19:47.04,11.468,9.92,9.532,9.456
163,179159972,07:16:13.51,-09:53:36.5,11.099,10.046,9.752,9.712
164,182943944,08:18:54.34,-37:46:59.7,11.200999999999999,10.248,10.046,10.013
165,185405474,20:06:52.24,45:29:57.22,10.262,9.463,9.294,9.261000000000001
166,186000935,20:12:17.51,44:29:45.16,10.280999999999999,9.226,8.916,8.872
167,189013222,05:16:24.44,-15:30:45.67,10.52,9.543,9.169,9.056000000000001
168,190430205,21:39:41.4,46:13:12.78,10.12,9.501,9.504,9.455
169,190442486,21:39:44.53,41:57:02.86,10.57,10.106,9.986,9.923
170,190743990,21:43:08.91,45:38:48.5,10.776,9.687000000000001,9.419,9.355
171,193413306,14:48:24.27,-56:01:33.35,9.71,8.861,8.724,8.642999999999999
172,198008005,04:00:47.96,-54:35:34.5,11.183,10.057,9.79,9.722000000000001
173,198186769,16:23:16.32,62:55:30.44,11.515999999999998,10.345,10.113999999999999,10.083
174,198212955,16:34:12.79,60:11:45.34,12.777000000000001,10.53,9.902999999999999,9.772
175,198213332,16:33:44.05,61:43:06,9.96,8.631,8.23,8.17
176,198241702,16:38:47.19,64:33:33.05,11.618,10.302999999999999,9.952,9.89
177,198356533,17:04:33.3,56:50:33.18,9.173,8.177,7.864,7.817
178,198390247,17:12:53.58,57:11:52,11.113,9.275,8.766,8.686
179,199444169,22:19:31.88,42:33:37.13,11.110999999999999,9.251,8.705,8.577
180,199688472,16:52:33.68,57:58:26.94,10.39,9.197000000000001,8.86,8.757
181,200807066,03:32:42.96,-51:47:18.71,9.47,8.35,8.073,8.045
182,201604954,19:00:23.16,-54:53:36.03,12.62,11.286,10.933,10.877
183,202504234,15:21:14.42,63:33:55.03,11.647,10.282,10.004,9.929
184,202563254,20:16:08.24,31:55:32.47,9.009,8.61,8.579001,8.539
185,203189770,20:19:12.01,32:34:51.76,10.484000000000002,10.149,10.121,10.09
186,207237016,03:19:15.95,-59:24:00.39,11.526,10.7,10.431,10.345
187,207277638,07:22:01.57,10:14:19.09,10.242,9.882,9.751,9.745
188,210873792,16:23:37.23,-31:22:24.87,13.66,10.817,10.191,10.059
189,214361331,17:24:15.08,-50:23:09.78,10.258,9.161,8.947000000000001,8.833
190,216935214,17:17:58.99,-45:53:00.8,9.441,8.395000999999999,8.197000000000001,8.109
191,219015370,14:52:22.23,70:28:35.61,11.314,10.337,10.012,9.964
192,219205407,06:11:20.14,-51:27:59.84,11.687999999999999,10.059,9.6,9.496
193,219229644,04:13:16.63,-50:56:39.34,12.538,9.554,8.838,8.656
194,219344917,04:58:57.03,-50:37:38.69,10.569,8.954001,8.488,8.38
195,219380235,05:07:02.83,-51:46:01.04,11.645999999999999,10.139,9.834,9.713
196,219698776,09:02:55.83,71:38:11.1,13.427,9.731,9.093,8.878
197,219850915,17:05:07.09,69:31:08.73,11.929,10.075,9.53,9.422
198,219852584,17:06:41.33,67:52:17.41,11.302999999999999,10.341,10.123,10.08
199,219852882,17:06:29.44,68:50:35.89,11.693,9.908999999999999,9.459,9.383
200,219854185,17:07:04.95,70:14:18.53,11.37,10.15,9.837,9.742
201,220459826,04:59:28.36,-55:55:44.62,12.714,10.972000000000001,10.488,10.379000000000001
202,220475245,05:01:24.16,-56:08:29.1,13.6,11.835999999999999,11.368,11.259
203,224297258,12:20:15.09,56:12:05.07,10.714,9.334,8.968,8.887
204,224600500,16:59:50.06,58:27:45.48,6.87993,6.5729999999999995,6.564,6.526
205,229384040,06:34:23.46,08:24:49.05,9.738,8.607000000000001,8.34,8.315
206,229510866,19:48:51.8,64:21:15.66,10.582,9.547,9.327,9.22
207,229536616,13:03:17.07,67:49:24.37,11.019,10.132,9.892999999999999,9.803001
208,229650439,18:43:41.71,74:56:16.2,10.957,9.584,9.191,9.09
209,229747848,18:41:18.4,70:17:24.19,11.168,10.011000000000001,9.683,9.616
210,229770036,18:48:41.61,70:50:24.69,11.579,9.667,9.117,8.978
211,229781583,18:54:08.53,69:38:00.72,14.37,10.863,10.222000000000001,10.013
212,230017324,19:25:51.68,61:46:34.15,11.5833,9.682,9.181000000000001,9.107000000000001
213,230017325,19:25:52.59,61:46:33.85,11.036,9.783,9.501,9.454001
214,230088370,16:29:25.6,71:30:21.14,10.591,9.761000000000001,9.565,9.521
215,230127302,16:44:27.81,70:25:47.97,11.632,10.294,10.003,9.907
216,231728511,05:25:46.41,-51:21:25.31,13.805,10.052999999999999,9.458,9.219
217,231736113,05:28:30.71,-48:24:32.64,11.952,10.929,10.787,10.675
218,232025086,06:24:16.64,-46:56:15.43,9.216000000000001,8.304,8.107999999999999,8.017999999999999
219,232540264,15:11:28.29,71:50:28.67,9.08,7.871,7.546,7.502000000000001
220,232612416,17:16:05.66,63:06:20.19,11.806,10.365,9.939,9.87
221,232967440,13:10:43.94,70:46:04.84,11.038,9.564,9.228,9.134
222,232967666,13:12:36.57,71:37:05.3,10.947000000000001,9.809,9.514,9.456
223,232971294,13:17:46.23,71:43:15.78,10.294,9.156,8.93,8.872
224,232976128,13:22:14.78,66:18:30.72,11.089,9.536,9.204001,9.126
225,232982558,16:07:03.34,67:52:39.51,10.55,9.394,9.126,9.053001
226,233059608,17:59:13.77,64:08:33.52,7.31,6.48,6.3229999999999995,6.315
227,233087860,18:08:49.08,60:40:43.62,10.988,8.981,8.439,8.317
228,233120979,18:14:07.02,62:51:29.68,11.513,9.925,9.629,9.54
229,233390838,20:06:14.22,59:29:26.77,10.011000000000001,9.134,8.912,8.863
230,233681149,17:21:27.55,65:00:44.21,11.297,10.257,9.957,9.892000000000001
231,233684822,17:23:36.69,64:51:44.51,10.668,9.269,8.992,8.89
232,233951353,20:21:39.1,58:08:26.98,10.041,8.899,8.597999999999999,8.544
233,233953967,20:21:34.84,56:27:45.56,11.027999999999999,9.792,9.567,9.475
234,235683377,19:09:10.1,74:10:27.39,15.39,10.925,10.332,10.089
235,236445129,20:57:04.45,31:39:39.67,11.717,10.927999999999999,10.692,10.642000000000001
236,236714379,15:56:48.35,65:53:19.82,11.645999999999999,10.042,9.668,9.558
237,237104103,16:05:17.5,70:11:24.14,11.889000000000001,10.385,10.105,10.012
238,237185205,18:54:06.41,37:43:12.05,10.218,9.34,9.171,9.113
239,237200747,19:32:07.8,74:53:27.86,12.255999999999998,10.633,10.22,10.122
240,237222864,19:44:58.71,74:03:46.29,9.92,8.386000000000001,8.008,7.922999999999999
241,237232044,19:49:35.68,76:08:21.04,10.675,9.178001,8.775,8.674
242,237920046,03:46:56.79,-63:20:12.76,13.995999999999999,10.853,10.199,9.951
243,238197638,03:49:57.37,-72:47:37.43,12.017000000000001,11.213,10.994000000000002,10.921
244,238374636,08:03:21.05,-51:20:44.25,10.419,8.961,8.587,8.477
245,238597883,08:08:42.77,-48:48:10.12,9.266,8.921,8.918,8.853
246,238898571,06:14:55.06,-49:45:21.91,10.52,9.325,9.033,8.92
247,240450679,21:34:06.57,46:55:54.39,10.129,9.868,9.862001,9.834
248,245947683,04:41:30.02,14:48:55.92,11.117,9.45,9.132,9.064
249,248092710,12:53:02.53,-44:05:57.7,10.16,9.118,8.888,8.821
250,249067445,05:17:43.78,-00:22:12.44,9.04,8.797,8.82,8.763
251,249812036,22:39:08.53,49:25:35.62,9.824,9.335,9.283,9.23
252,250484865,06:16:49.36,-02:55:44.9,9.349,8.262,8.009,7.9510000000000005
253,252490659,22:57:26.35,53:08:27.01,11.003,9.823,9.589,9.520000999999999
254,253728991,18:48:33.7,-40:06:42.37,12.093,10.915,10.632,10.556
255,253990973,18:58:45.34,-41:14:32.94,10.366,9.125,8.767999999999999,8.703
256,254113311,19:05:30.24,-41:26:15.5,11.595,9.055,8.493,8.351
257,255704097,06:36:27.63,-50:17:50.64,10.779000000000002,10.314,10.202,10.179
258,256783784,21:57:36.43,36:19:17.05,10.061,8.811,8.461,8.437999999999999
259,256886630,21:57:32.42,41:26:58.23,8.33,8.105,8.099,8.051
260,258514800,20:21:53.98,70:56:37.34,10.936,9.465,9.087,9.061
261,258777137,19:06:59.31,71:42:44.56,10.347999999999999,8.74,8.388,8.336
262,258801269,19:08:06.02,66:17:26.51,11.55,10.365,10.102,10.044
263,259126549,19:25:38.84,69:06:46.73,11.534,10.402999999999999,10.212,10.135
264,259129875,19:27:31.26,68:00:52.9,10.798,10.216000000000001,10.123,10.055
265,259172391,19:31:04.26,71:29:50.49,10.931,10.057,9.818,9.753
266,259353953,07:35:50.6,-15:29:58.04,10.219,9.716000000000001,9.607999999999999,9.567
267,259389219,04:35:12.91,-51:23:47.62,11.787,10.630999999999998,10.347000000000001,10.248
268,259863352,02:41:27.83,-71:27:45.9,7.76,6.484,6.144,6.064
269,260128333,06:08:31.94,-59:32:27.55,11.722000000000001,10.95,10.695,10.635
270,260130483,06:09:13.28,-55:24:13.51,11.328,9.982000000000001,9.626,9.542
271,260417932,06:23:45.83,-54:34:40.89,12.245,9.772,9.162,9.048
272,260476837,06:24:59.57,-59:48:16.47,13.687000000000001,11.825,11.380999999999998,11.232000000000001
273,260647166,12:26:17.78,-51:21:46.99,9.25,8.046,7.702999999999999,7.6370000000000005
274,261108236,05:33:06.19,-80:48:55.72,13.217,10.715,10.106,9.941
275,261257684,05:57:29.11,-83:07:47.02,12.588,9.607000000000001,8.941,8.766
276,261258875,05:58:55.38,-79:44:36.15,9.736,8.798,8.579001,8.51
277,261369656,19:30:25.16,-46:16:41.07,10.937000000000001,10.006,9.777000000000001,9.703
278,261867566,15:10:38.08,-71:21:41.87,11.08,9.89,9.51,9.448
279,262330063,05:13:16.52,04:48:35.63,10.995999999999999,10.029,9.795,9.658
280,265077027,08:28:42.8,04:02:18.79,11.459000000000001,10.101,9.849,9.771
281,266593143,21:38:08.63,30:29:17.48,10.375,9.017000000000001,8.619,8.544
282,266688542,21:24:05.71,46:23:04.82,10.549000000000001,9.538,9.323,9.263
283,267489265,19:55:07.51,54:46:53.2,9.38,8.972999999999999,8.964,8.894
284,267561446,20:46:03.28,56:52:01.74,14.182,11.296,10.708,10.497
285,269450900,19:28:46.87,-36:00:00.94,7.46,7.062,7.039,7.015
286,269558487,01:02:10.33,-02:08:40.47,11.183,10.12,9.855,9.795
287,269701147,20:08:06.15,66:51:01.08,8.97,7.597,7.215,7.18
288,271581073,21:18:12.35,-77:31:44.81,11.254000000000001,10.064,9.798,9.779
289,271596418,07:14:16.32,-74:58:13.9,11.402000000000001,10.106,9.751,9.693999999999999
290,272635712,15:24:38.91,67:27:53.1,10.011000000000001,8.716000000000001,8.383,8.367
291,273985865,02:02:02.1,-83:13:40.66,11.405,9.891,9.517999999999999,9.449
292,274151135,09:44:12.95,-89:28:17.45,11.329,9.446,8.91,8.762
293,274662200,21:07:28.14,46:51:55.34,13.152000000000001,9.488,8.835,8.577
294,274762761,20:05:23.13,38:13:41.97,17.2,11.55,10.966,10.69
295,274942910,21:31:42.38,41:47:50.87,11.033,8.959,8.379,8.192
296,275722992,21:15:08.39,44:53:58.84,10.548,10.059,10.007,9.985
297,276360911,21:56:12.83,55:44:27.52,10.111,9.165,9.053001,9.032
298,277014266,20:25:42.2,53:33:41.82,11.044,10.078,9.831,9.736
299,277447970,21:23:19.08,52:48:52.92,10.42,9.832,9.696,9.651
300,277507814,20:43:48.87,59:34:35.86,10.599,9.684,9.467,9.401
301,278348461,20:12:46.9,18:06:17.2,10.402999999999999,9.46,9.322000000000001,9.247
302,278775625,06:38:41.81,-56:13:13.94,11.812999999999999,10.74,10.509,10.427
303,279177746,20:55:32.44,46:30:07.51,10.245999999999999,9.88,9.807,9.786
304,279999655,07:36:02.99,04:42:54.42,10.847000000000001,10.462,10.427,10.395
305,280437559,07:40:32.8,02:05:54.92,11.645999999999999,9.596,9.029,8.879
306,284288080,07:06:35.95,-53:32:47.16,11.392999999999999,10.265,10.049,9.964
307,284450803,19:22:50.15,56:36:55.39,8.812000000000001,8.226,8.078,8.08
308,286923464,13:34:02.39,53:43:41.48,8.05,6.861000000000001,6.608,6.542999999999999
309,287156968,07:52:31.1,-83:49:30.23,10.254000000000001,9.074,8.732999999999999,8.72
310,287190564,19:30:01.24,54:06:30.61,10.669,10.468,10.374,10.382
311,287196418,19:30:56.19,59:24:13.87,10.064,9.432,9.274,9.253
312,287776397,08:28:30.72,-74:57:17.02,8.92,7.9270000000000005,7.653,7.568
313,288132261,13:57:56.24,79:34:59.96,9.634,8.589,8.378,8.35
314,288185138,14:51:21.94,82:57:08.13,10.911,9.785,9.504,9.435
315,288391628,17:47:50.93,83:25:43.77,8.86,7.8629999999999995,7.641,7.584
316,288735205,18:48:24.04,79:15:23.31,12.079,10.226,9.715,9.619
317,289539327,16:46:32.03,65:42:54.13,10.605,9.366,9.116,9.038
318,290348382,21:54:50.6,-77:20:14.76,12.49,8.192,7.641,7.325
319,290348383,21:54:52.36,-77:20:19.69,8.23,6.57,6.085,5.9670000000000005
320,291555748,07:26:51.84,-50:15:59.64,11.12,9.98,9.673,9.591000000000001
321,293687315,14:26:05.72,59:26:39.38,10.16,9.454001,9.272,9.21
322,293954617,20:02:27.71,53:22:38.79,9.19,7.646,7.224,7.084
323,294176967,20:03:13.23,52:02:27.03,10.460999999999999,10.006,9.955,9.908999999999999
324,294179389,20:03:21.27,53:17:44.23,11.16,9.965,9.592,9.545
325,294471966,20:08:00.35,51:21:42.46,11.577,9.98,9.6,9.49
326,294781547,04:45:56.19,-68:45:42.5,11.13,9.732999999999999,9.37,9.31
327,294869729,04:47:11.81,-68:59:08.31,12.14,10.352,9.874,9.753
328,294981566,04:49:19.81,-67:22:07.48,10.463,9.711,9.529,9.485
329,295541511,18:14:24.49,-66:25:11.91,11.015999999999998,9.770000999999999,9.474,9.385
330,295599256,18:16:53.19,-68:11:52,10.062000000000001,9.639,9.536,9.507
331,297967252,09:30:05.08,-51:31:01.61,5.45,5.6160000000000005,5.689,5.626
332,298073824,13:25:20.84,75:58:57.77,8.45,7.718,7.5729999999999995,7.542999999999999
333,298372701,15:59:18.12,-49:21:59.99,8.9,7.971,7.82,7.712000000000001
334,299798795,02:28:47.48,-80:53:56.78,13.95,10.017999999999999,9.405,9.134
335,299799658,02:32:29.03,-78:01:25.26,10.249,8.777000000000001,8.408999999999999,8.296
336,300038935,07:11:22.48,-68:50:00.03,9.217,8.887,8.854,8.823
337,300557619,07:30:23.82,-71:35:43.67,11.741,10.793,10.488,10.419
338,301051430,03:20:08.72,-45:03:42.66,11.742,10.487,10.23,10.169
339,304021498,09:23:32.13,-67:01:33.62,10.309000000000001,9.277000000000001,9.041,8.965
340,304100538,01:50:47.99,-75:50:55.59,10.24,8.918,8.554,8.467
341,304774444,18:45:28.68,-52:15:46.54,10.811,9.788,9.544,9.527000000000001
342,305424003,17:28:44.02,-62:50:25.38,10.394,9.321,9.161,9.033999999999999
343,309787037,08:25:40.67,-60:54:27.05,10.327,9.546,9.398,9.3
344,311035838,13:44:22.56,48:01:42.83,11.856,9.936,9.542,9.448
345,311890977,17:32:00.77,-76:51:29.75,11.975999999999999,9.414,8.716000000000001,8.558
346,312083267,20:13:10.85,36:43:31.75,8.520000999999999,8.131,8.144,8.101
347,313506357,23:11:01.81,45:56:01.28,10.091000000000001,9.071,8.823,8.792
348,317060587,22:30:02.47,-75:38:47.62,9.511000000000001,8.56,8.249,8.246
349,318608749,00:36:30.27,-83:34:01.44,11.049000000000001,9.892000000000001,9.594,9.555
350,319259194,04:46:36.19,-78:33:41.78,10.17,9.039,8.83,8.769
351,319312479,04:07:07.07,-13:46:00.69,10.369000000000002,9.687999999999999,9.532,9.441
352,320004517,19:33:08.79,-54:31:57.82,8.67,7.518,7.231,7.15
353,320536216,08:00:25.31,10:20:37.93,10.255999999999998,9.979,9.913,9.863999999999999
354,321011127,02:54:11.08,-41:30:51.91,12.489,11.100999999999999,10.809000000000001,10.731
355,321857016,21:31:46.03,66:20:56.42,11.655,10.557,10.191,10.119
356,322270620,19:47:17.33,-87:19:22.12,14.158,10.702,10.065,9.889
357,323132914,08:31:59.26,-78:24:27.23,10.01,8.791,8.433,8.404
358,327301957,20:43:02.64,-72:00:36.96,11.217,9.808,9.373,9.285
359,328750515,22:09:08.9,57:56:20.3,11.252,10.151,10.019,9.928001
360,330332501,21:00:26.49,46:03:37.61,10.872,9.845,9.611,9.557
361,330468175,21:00:39.89,47:47:09.57,10.144,9.753,9.66,9.664
362,332660150,04:12:07.76,-12:07:07.81,11.389000000000001,10.286,10.011000000000001,9.948
363,333473672,23:36:57.8,39:38:21.41,10.622,9.585,9.275,9.19
364,333607525,06:41:27.17,-12:17:06.16,11.138,10.364,10.189,10.107000000000001
365,333821572,07:45:05.98,-17:10:30.4,10.497,10.201,10.16,10.148
366,336740528,22:18:57.25,61:08:56.36,10.97,9.679,9.423,9.361
367,341186896,07:55:27.38,-58:13:19.42,10.13,9.146,8.908,8.88
368,341420329,08:00:35.52,-54:52:42.79,10.890999999999998,10.177999999999999,10.083,10.017000000000001
369,341729521,08:05:16.68,-59:34:47.27,10.513,9.11,8.777999999999999,8.641
370,343019899,22:18:00.98,54:19:08.56,10.61,9.478,9.124,9.086
371,343442463,22:46:04.49,55:09:46.56,9.167,8.515,8.501,8.442
372,343628284,21:05:17.76,57:46:15.94,15.677999999999999,11.599,11.033,10.765
373,343648136,18:09:14.73,-76:18:03.44,11.105,9.781,9.493,9.448
374,345996087,21:49:55.21,44:04:48.22,10.549000000000001,9.926,9.862001,9.801
375,346338552,22:57:46.89,38:40:29.71,9.827,9.156,8.923,8.857999999999999
376,346418409,22:58:26.32,39:39:31.36,11.741,10.107999999999999,9.603,9.535
377,348844154,07:03:49.6,-60:17:50.97,11.959000000000001,10.613,10.3,10.206
378,349095149,07:11:41.05,-65:30:31.88,10.494000000000002,9.433,9.089,9.036
379,349827430,10:47:38.17,71:39:20.62,8.34,7.4079999999999995,7.2,7.154
380,350132371,21:56:21.93,68:59:52.92,9.875,8.639,8.293,8.226
381,350153977,03:32:38.26,-81:15:02.68,11.315999999999999,10.04,9.734,9.637
382,351601843,20:39:53.09,-65:26:58.92,12.615,9.935,9.292,9.115
383,352239069,19:28:47.06,58:36:53.15,11.202,10.389000000000001,10.147,10.115
384,352764091,20:34:59.43,63:28:29.78,9.16,8.041,7.712999999999999,7.659
385,355867695,10:28:34.58,65:51:15.11,11.922,9.698,9.105,8.95
386,356158613,20:02:50.08,39:40:06.14,12.52,9.517999999999999,8.831,8.71
387,356311210,17:52:03.86,53:43:50.52,11.207,9.98,9.699,9.602
388,356867115,18:23:27.01,71:34:54.29,11.337,9.676,9.136000000000001,9.044
389,357972447,21:07:49.39,50:30:03.18,10.819,9.684,9.424,9.373
390,358460246,07:56:03.41,-64:56:28.16,11.232999999999999,9.85,9.544,9.436
391,358631536,21:10:18.11,48:27:51.42,10.157,9.747,9.74,9.674
392,359496368,18:36:24.25,55:23:30.41,11.714,8.94,8.337,8.125
393,360156606,12:27:04.17,-72:27:06.66,16.999000000000002,11.89,11.312000000000001,11.034
394,360286627,09:27:54.05,-61:19:48.14,9.777999999999999,9.549,9.505,9.516
395,360630575,12:39:06.21,-74:34:26.47,9.29,8.144,7.89,7.82
396,360742636,19:38:32.09,-55:19:48.97,11.91,10.659,10.337,10.287
397,361034196,16:08:03.92,-68:35:19.8,10.394,9.669,9.495,9.423
398,361413119,09:36:36.07,-61:34:59.46,10.98,9.455,9.195,9.078
399,363260203,09:49:32.44,-63:18:23.32,9.097999999999999,8.847999999999999,8.833,8.775
400,364107753,16:45:27.01,-71:50:22.52,7.59,6.479,6.202000000000001,6.141
401,364186197,20:54:02.65,72:34:50.32,9.270000999999999,8.365,8.141,8.078
402,364393429,07:46:22.64,-64:03:21.63,9.83,8.66,8.375,8.263
403,364395234,07:46:00.34,-61:52:47.26,12.68,11.081,10.77,10.697000000000001
404,365389353,21:35:27.51,51:19:24.88,10.62,9.882,9.743,9.706
405,365733349,20:52:40.09,65:36:31.62,10.445,9.193,8.842,8.779
406,365938305,12:02:54.36,74:03:39.63,10.255,8.881,8.497,8.392000000000001
407,366989877,20:08:27.4,-54:19:03,8.95,7.905,7.636,7.5760000000000005
408,367099243,21:10:55,72:36:55.28,11.043,9.892999999999999,9.656,9.609
409,369327947,19:20:57.11,-82:33:35.24,13.0,8.555,8.004,7.686
410,369864738,10:54:30.94,-87:16:11.05,9.908,9.003,8.83,8.738999999999999
411,370133522,20:27:42.88,-56:27:44.23,12.68,8.697000000000001,8.161,7.915
412,370745311,09:38:19.57,-67:30:18.35,11.095,9.526,9.145000999999999,9.036
413,372264750,22:05:13.83,66:46:31.07,8.72,8.443999999999999,8.424,8.442
414,372757221,10:51:34.36,81:19:19.83,10.347999999999999,9.373,9.168,9.084
415,372913430,07:58:08.04,-60:46:49.8,8.296,8.213,8.202,8.227
416,374997123,06:36:53.95,-63:04:45.78,10.690999999999999,9.749,9.481,9.395000999999999
417,375223080,08:55:52.55,-75:55:34.27,10.753,9.877,9.76,9.661
418,375225453,08:55:18.4,-73:10:23.91,10.609000000000002,9.586,9.338,9.315
419,375506058,21:04:48.89,55:35:16.88,8.03,7.541,7.452000000000001,7.439
420,377293776,19:07:24.98,59:05:11.85,12.28,8.457,7.82,7.565
421,377304435,19:08:12.04,55:18:13.29,11.395999999999999,10.363,10.122,10.07
422,378159598,19:38:53.46,41:33:54.56,10.821,10.35,10.335,10.302
423,379286801,18:53:12.44,-54:54:38.9,10.923,10.048,9.847000000000001,9.794
424,380589029,17:55:33.77,-61:44:50.64,12.915,11.677999999999999,11.447000000000001,11.382
425,380783252,17:58:51.48,-60:55:21.82,10.535,9.073,8.687000000000001,8.568
426,381979901,05:10:25.3,-59:32:08.39,12.197000000000001,11.139000000000001,10.890999999999998,10.862
427,382068562,05:18:37.65,-55:53:18.82,11.785,10.7,10.311,10.245
428,382437043,07:48:51.57,-63:43:12.45,9.761000000000001,8.831,8.599,8.493
429,383390264,12:50:21.43,-88:07:16,9.23,8.272,8.014,8.002
430,384549882,09:06:06.65,-54:54:14.12,8.76,8.678001,8.674,8.724
431,385624852,09:13:36.54,-55:11:52.47,8.211,7.8660000000000005,7.7989999999999995,7.795
432,387079085,14:28:05.49,-64:38:03.43,9.496,8.456,8.255,8.193999999999999
433,387664866,21:34:11.67,50:28:53.2,9.623,8.466000000000001,8.304,8.333
434,388624270,08:21:44.31,-51:45:33.99,10.66,9.267000000000001,8.933,8.834
435,389070884,17:29:20.46,-38:38:45.49,8.48,7.403,7.1129999999999995,7.056
436,389182138,22:54:32.41,54:09:42.53,11.140999999999998,9.786,9.311,9.251
437,389924075,05:51:29.8,-70:59:30.51,11.026,9.847999999999999,9.564,9.539
438,394561119,10:22:25.89,-82:13:07.93,10.552999999999999,9.545,9.322000000000001,9.205
439,395171208,21:40:03.49,48:24:24.36,9.437999999999999,8.485,8.397,8.272
440,399144800,10:52:47.72,-67:23:14.9,11.54,9.94,9.597000000000001,9.495
441,399871011,04:58:13.23,08:58:50.97,11.203,10.565999999999999,10.389000000000001,10.318
442,400595342,08:57:46.02,-49:00:02.08,9.88,9.603,9.566,9.533999999999999
443,404467699,01:43:29.13,-14:08:57.07,10.890999999999998,9.769,9.520000999999999,9.46
444,405862830,18:36:14.99,-43:37:14.18,11.002,9.655,9.17,9.07
445,405904232,20:06:15.03,52:09:51.05,10.591,9.594,9.33,9.307
446,406672232,20:37:24.87,22:39:15.72,9.357999999999999,7.636,7.202999999999999,7.102
447,406941612,15:17:18.86,-80:28:24.04,12.67,9.089,8.468,8.204001
448,406976746,15:22:13.32,-83:03:22.37,9.8,8.352,7.997000000000001,7.858
449,407126408,15:38:17.36,-80:48:12.34,10.452,8.842,8.384,8.273
450,408137826,05:13:12.13,06:32:45.29,11.456,10.39,10.089,10.042
451,408203470,20:28:50.63,33:24:50.25,15.73,11.517999999999999,10.972000000000001,10.754000000000001
452,412014494,19:25:29.71,-60:56:27.75,9.71,9.055,8.953,8.892000000000001
453,416195870,19:08:58.1,57:20:38.85,11.470999999999998,9.648,9.258,9.106
454,416624606,20:40:09.13,50:19:25.47,10.755999999999998,9.676,9.356,9.3
455,416987878,21:31:34.11,50:19:14.57,10.782,9.937000000000001,9.831,9.82
456,417676622,19:24:07.75,49:02:24.77,10.077,8.975,8.662,8.588
457,417931607,12:26:05.83,61:15:32.14,9.584,8.38,8.095,8.073
458,417948359,13:16:47.09,49:51:39.81,11.758,10.218,9.793,9.701
459,418959198,22:59:37.74,36:31:03.6,11.308,9.586,9.035,8.955
460,420112589,19:20:41.75,73:11:42.39,14.354000000000001,10.604000000000001,10.026,9.74
461,421894914,22:37:02.09,-76:55:03.38,10.171,9.211,8.967,8.892000000000001
462,424865156,19:28:59.33,47:58:10.35,10.481,9.555,9.344,9.334
463,425163745,03:55:35.24,-02:30:21.41,11.606,10.154,9.818999999999999,9.749
464,425220920,07:26:34.56,07:00:58.79,10.798,9.665,9.372,9.271
465,425721385,19:19:02.83,-43:04:27.2,10.27,9.195,8.942,8.871
466,426077080,15:52:00.24,-76:29:36.57,9.74,9.068999999999999,8.924,8.885
467,427508467,07:48:22.87,06:47:06.23,8.18,8.021,7.9879999999999995,7.933
468,431156009,22:41:34.99,51:57:55.03,9.925,8.913,8.698,8.635
469,434234955,04:15:14.66,14:56:41.42,11.987,10.312000000000001,10.016,9.812999999999999
470,437984134,06:18:10.87,15:57:07.38,8.418,7.837000000000001,7.725,7.683
471,438295981,06:26:39.85,13:17:57.77,10.024,9.136000000000001,8.948,8.905
472,440801822,07:17:31.88,13:23:42.79,9.264,8.316,8.103,8.047
473,441797803,17:37:30.95,73:15:40.3,10.87,10.221,10.023,9.977
474,445586472,07:48:20.16,-57:14:10.72,11.134,10.06,9.908,9.831
475,445859771,14:16:29.01,58:23:24.91,10.98,9.814,9.515,9.417
476,446549905,19:07:10.04,-58:41:50.07,10.136000000000001,9.248,9.099,9.036
477,447061717,10:26:59.34,-52:28:04.34,12.36,8.876,8.285,8.068999999999999
478,447283466,10:28:23.6,-51:42:19.47,8.9,6.959,6.477,6.354
479,449050247,04:30:12.32,05:17:55.77,10.674000000000001,9.461,9.21,9.121
480,449050248,04:30:12.6,05:17:54.35,9.83,9.254,9.033,8.825
481,451599528,18:38:53.11,-85:42:32.89,8.11,7.018,6.723,6.654
482,451606970,19:00:11.88,-84:26:53.47,10.71,9.37,8.927,8.857999999999999
483,458478250,15:28:35.19,66:21:31.35,10.308,9.208,8.951,8.904
484,459969957,16:59:15.88,65:44:50.78,12.784,10.997,10.505,10.322000000000001
485,459970307,16:59:41.77,64:41:57.17,9.955,8.76,8.374,8.347000000000001
486,467179528,13:11:59.18,65:50:01.31,12.940999999999999,9.706,9.065,8.84
487,467666275,11:16:28.59,-60:34:03.63,8.55,7.452999999999999,7.2139999999999995,7.108
488,468148930,20:22:16.76,-88:34:06.58,12.897,11.485,11.187000000000001,11.058
489,468472950,21:25:07.97,40:53:16.16,10.637,9.59,9.334,9.264
490,468845640,22:31:20.18,53:47:45.79,11.630999999999998,9.414,8.861,8.794
491,469782185,19:29:33.96,-37:18:14.43,11.154000000000002,9.412,9.036,8.921
492,1400770435,17:39:50.77,56:04:44.31,9.4101,,,
